freq,word
0.1,"(wissenschaft, wert)"
0.1,"(vereint, nation)"
0.1,"(swisscom, post)"
0.1,"(antrag, sut)"
0.1,"(deutsch, gebiet)"
0.1,"(polit, fuhrung)"
0.2,"(erwag, zieh)"
0.2,"(trupp, ausland)"
0.2,"(kommissionsmehr, beantragt)"
0.2,"(de, dardel)"
0.2,"(strateg, ziel)"
0.2,"(mind, hammerl)"
0.2,"(klar, sag)"
0.2,"(ahv, iv)"
0.3,"(deutschland, frankreich)"
0.3,"(verandert, organism)"
0.3,"(meinung, mehrheit)"
0.3,"(leitbild, arme)"
0.3,"(verantwort, trag)"
0.3,"(mind, kommission)"
0.4,"(klar, eindeut)"
0.4,"(antrag, unterstutz)"
0.4,"(heutig, regel)"
0.4,"(einseit, massnahm)"
0.4,"(kind, jugend)"
0.4,"(schritt, schritt)"
0.4,"(ausdruck, bringt)"
0.4,"(einfach, kenntnis)"
0.4,"(postulat, einverstand)"
0.5,"(indirekt, steu)"
0.5,"(letzt, woch)"
0.5,"(erleichtert, einburger)"
0.5,"(privat, unternehm)"
0.5,"(liegt, hand)"
0.5,"(sag, sag)"
0.5,"(stellung, genomm)"
0.5,"(grossenordn, million)"
0.5,"(rand, berggebiet)"
0.5,"(beantragt, mehrheit)"
0.5,"(mehrheit, stimm)"
0.5,"(mind, raggenbass)"
0.6,"(kanton, bern)"
0.6,"(votum, herrn)"
0.6,"(strateg, nachrichtendien)"
0.6,"(bundesamt, fluchtling)"
0.6,"(vonseit, bund)"
0.6,"(klar, festhalt)"
0.6,"(beitritt, eu)"
0.6,"(lebenslang, verwahr)"
0.6,"(antwort, befriedigt)"
0.7,"(kanton, solothurn)"
0.7,"(zuletzt, aufgrund)"
0.7,"(folg, antrag)"
0.7,"(verpflichtungskredit, million)"
0.7,"(jung, famili)"
0.7,"(ausfuhr, herrn)"
0.7,"(rucksicht, nehm)"
0.7,"(françois, couchepin)"
0.7,"(betrag, milliard)"
0.7,"(kategori, iv)"
0.8,"(task, forc)"
0.8,"(leutenegg, hajo)"
0.8,"(befriedigt, erklart)"
0.8,"(ablehn, sinn)"
0.8,"(walk, felix)"
0.8,"(eidgenoss, versicherungskass)"
0.8,"(naturkorp, altertum)"
0.8,"(preislich, vorteil)"
0.8,"(finanziell, konsequenz)"
0.8,"(land, wichtig)"
0.8,"(baad, caspar)"
0.8,"(direkt, steu)"
0.8,"(sturm, lothar)"
0.8,"(ruag, suiss)"
0.8,"(kollektiv, verantwort)"
0.9,"(demokrati, europa)"
0.9,"(prozent, erhoht)"
0.9,"(diskussion, beschloss)"
0.9,"(kredit, sprech)"
0.9,"(pensionskass, bund)"
0.9,"(jetzig, zeitpunkt)"
0.9,"(uberleb, ehegatt)"
0.9,"(benotigt, wahrungsreserv)"
0.9,"(erlaubt, verkehr)"
0.9,"(meinung, kommissionsmehr)"
1,"(bilateral, verhandl)"
1,"(kanton, organisation)"
1,"(vertret, mind)"
1,"(antrag, triponez)"
1,"(antrag, gentil)"
1,"(friedensunterstutz, operation)"
1,"(nasak, ii)"
1,"(platz, welt)"
1,"(gefahr, demokrati)"
1,"(konkret, verantwort)"
1,"(teilzeitnutzungsrecht, immobili)"
1,"(histor, muhl)"
1,"(olivi, reverdin)"
1,"(uberbetrieb, kurs)"
1,"(dr, reinhold)"
1,"(initiativ, maiss)"
1,"(harmonisier, finanzier)"
1,"(bewalt, kosovokris)"
1,"(et, quoi)"
1,"(aarau, stund)"
1,"(bilateral, verhaltnis)"
1,"(otto, zwygart)"
1,"(bellinzona, stund)"
1,"(unverantwort, art)"
1,"(konkurrenz, wettbewerbsfah)"
1,"(unliebsam, folg)"
1,"(bio, gentechnologi)"
1,"(reinhold, schatzl)"
1,"(minut, bellinzona)"
1,"(quoi, quon)"
1,"(keinerlei, zweifel)"
1,"(verfugbar, quot)"
1,"(durchfuhrungsprotokoll, alpenkonvention)"
1,"(wachstumsbedingt, mehreinnahm)"
1,"(leistung, bund)"
1,"(schweiz, prozent)"
1,"(konkret, frag)"
1,"(aktiv, sterbehilf)"
1,"(freien, markt)"
1,"(dringlich, interpellation)"
1,"(motion, beerli)"
1,"(konkret, gefahrd)"
1,"(standesinitiativ, aargau)"
1,"(eidgenoss, volkswirtschaftsdepartement)"
1,"(generell, depotstimmrecht)"
1.1,"(individualverkehr, angewies)"
1.1,"(sachplan, infrastruktur)"
1.1,"(interessengemeinschaft, volkskultur)"
1.1,"(gemeind, kanton)"
1.1,"(stund, minut)"
1.1,"(jung, generation)"
1.1,"(fehlbetrag, bilanz)"
1.1,"(institutionell, anleg)"
1.1,"(postulat, uberweis)"
1.1,"(abzulehn, antrag)"
1.1,"(prozent, erhoh)"
1.1,"(st, moritz)"
1.1,"(klar, deutlich)"
1.1,"(signal, setz)"
1.1,"(pass, identitatskart)"
1.1,"(abstimm, bilateral)"
1.1,"(frei, verfugbar)"
1.1,"(vorstoss, motion)"
1.1,"(hess, han)"
1.1,"(branchenspezif, fond)"
1.1,"(à, la)"
1.1,"(materiell, ander)"
1.1,"(elektron, aufklar)"
1.1,"(mittl, unternehm)"
1.1,"(kost, verursacht)"
1.2,"(orkan, lothar)"
1.2,"(denk, insbesond)"
1.2,"(vorstoss, erledigt)"
1.2,"(botschaft, entnehm)"
1.2,"(verzichtet, wort)"
1.2,"(schweiz, delegation)"
1.2,"(bern, kantonalbank)"
1.2,"(untergrupp, nachrichtendien)"
1.2,"(vorhab, million)"
1.2,"(feststell, zusammenhang)"
1.2,"(kanton, neuenburg)"
1.2,"(ausfuhr, verordn)"
1.2,"(firma, hagglund)"
1.2,"(deutschland, prozent)"
1.2,"(mehrheit, buros)"
1.2,"(kritisch, frag)"
1.2,"(immobilienbotschaft, militar)"
1.2,"(eingeh, diskutiert)"
1.3,"(diskussion, stehend)"
1.3,"(vorgeburt, leb)"
1.3,"(standig, delegation)"
1.3,"(arme, volk)"
1.3,"(mind, iv)"
1.3,"(probl, gelost)"
1.3,"(vorgeschlag, losung)"
1.3,"(idé, suiss)"
1.3,"(vertret, kanton)"
1.3,"(beitrag, bund)"
1.3,"(mind, mathys)"
1.3,"(ausgab, einnahm)"
1.3,"(strom, kleinkraftwerk)"
1.3,"(olymp, verband)"
1.3,"(schweizer, olymp)"
1.3,"(mittl, betrieb)"
1.4,"(selbststand, unternehm)"
1.4,"(vorlieg, revision)"
1.4,"(organisation, arbeitswelt)"
1.4,"(marty, dick)"
1.4,"(entsend, trupp)"
1.4,"(abgebrannt, kernbrennstab)"
1.4,"(teilrevision, militargesetz)"
1.4,"(kommission, behandelt)"
1.4,"(verkehr, gebracht)"
1.4,"(dublin, abkomm)"
1.4,"(gewerb, wirtschaft)"
1.4,"(beantwort, frag)"
1.4,"(ober, grenz)"
1.4,"(goldinitiativ, annahm)"
1.4,"(bisher, system)"
1.4,"(person, erklar)"
1.5,"(mittl, frist)"
1.5,"(eidgenoss, finanzkontroll)"
1.5,"(kommission, bericht)"
1.5,"(auslandeinsatz, arme)"
1.5,"(ausdruck, bring)"
1.5,"(illegal, einwander)"
1.5,"(pro, lit)"
1.5,"(weiss, wovon)"
1.5,"(beding, erfullt)"
1.6,"(stark, belastet)"
1.6,"(anzahl, tagessatz)"
1.6,"(angriff, nehm)"
1.6,"(infrag, gestellt)"
1.6,"(gutglaub, erwerb)"
1.6,"(bewaffnet, trupp)"
1.6,"(illegal, einwand)"
1.6,"(administrativ, entlast)"
1.6,"(ablehn, staatsvertrag)"
1.6,"(mind, béguelin)"
1.6,"(umwandl, defizitgaranti)"
1.6,"(voll, umfang)"
1.6,"(betrieb, anlag)"
1.7,"(antwort, interpellation)"
1.7,"(bundesamt, sport)"
1.7,"(angeschloss, organisation)"
1.7,"(vorlieg, botschaft)"
1.7,"(bundesamt, energi)"
1.7,"(person, meinung)"
1.7,"(vorbereit, kurs)"
1.7,"(ii, unterstutz)"
1.7,"(gesetz, verankert)"
1.7,"(frank, entspricht)"
1.7,"(landwirtschaft, bevolker)"
1.7,"(beschwerderecht, einburgerungsentscheid)"
1.7,"(wesent, scheint)"
1.7,"(verpflicht, unocharta)"
1.7,"(grenz, halt)"
1.7,"(bundesgesetz, forder)"
1.7,"(prozent, bruttoinlandprodukt)"
1.7,"(benotigt, goldreserv)"
1.7,"(vorlag, eintret)"
1.7,"(defizit, milliard)"
1.8,"(initiativ, volk)"
1.8,"(tief, greifend)"
1.8,"(berein, altlast)"
1.8,"(ausformuliert, entwurf)"
1.8,"(logisch, folg)"
1.8,"(neugestalt, finanzausgleich)"
1.8,"(mass, hinausgeh)"
1.8,"(erhoh, mehrwertsteu)"
1.8,"(autonomi, kanton)"
1.8,"(stellt, fest)"
1.8,"(bund, milliard)"
1.8,"(frank, schuld)"
1.9,"(land, stellt)"
1.9,"(polit, bund)"
1.9,"(fehlbetrag, pensionskass)"
1.9,"(landlich, region)"
1.9,"(deckungsluck, pensionskass)"
1.9,"(frank, angestieg)"
2,"(unbefried, zustand)"
2,"(finanzlag, bund)"
2,"(erfolgsrechn, bilanz)"
2,"(einnahm, bund)"
2,"(unterstutz, differenz)"
2,"(revision, bundesgesetz)"
2,"(neutralitat, land)"
2,"(ausland, einzusetz)"
2,"(sanier, bundeshaushalt)"
2.1,"(insbesond, bezug)"
2.1,"(vollendet, tatsach)"
2.1,"(grundsatz, falsch)"
2.1,"(fast, prozent)"
2.1,"(plus, million)"
2.1,"(polit, uno)"
2.1,"(frank, defizitgaranti)"
2.1,"(klar, volksentscheid)"
2.2,"(volk, ablehn)"
2.2,"(neutral, kleinstaat)"
2.2,"(total, million)"
2.3,"(zusammenhang, abstimm)"
2.5,"(meinung, klar)"
2.7,"(scheint, wichtig)"
0.1,"(passiv, veredelungsverkehr)"
0.1,"(sag, kanton)"
0.2,"(strass, schien)"
0.2,"(bilateral, ii)"
0.2,"(mind, weigelt)"
0.3,"(entscheid, bundesgericht)"
0.4,"(porta, alpina)"
0.4,"(ersuch, antrag)"
0.4,"(privat, kapitalgewinn)"
0.4,"(schweiz, tourismus)"
0.5,"(eigent, sinn)"
0.6,"(rahm, entlastungsprogramm)"
0.6,"(zustand, kommission)"
0.8,"(handlungsbedarf, besteht)"
0.9,"(wichtig, roll)"
0.9,"(periph, gebiet)"
1,"(teilbesteuerungssatz, prozent)"
1,"(standesinitiativ, folg)"
1.3,"(stationar, bereich)"
1.3,"(aufschieb, wirkung)"
1.3,"(einstimm, kommission)"
1.4,"(existenz, konkret)"
1.4,"(international, tatig)"
1.5,"(froh, herr)"
1.5,"(anlieg, herrn)"
1.6,"(regierungsrat, kanton)"
1.7,"(belastet, standort)"
1.8,"(parlamentar, initiativ)"
1.8,"(januar, kraft)"
1.8,"(abgeandert, motion)"
1.9,"(eu, schweiz)"
1.9,"(gesetz, bestimm)"
1.9,"(kommission, einstimm)"
1.9,"(wirtschaft, doppelbelast)"
2,"(ursprung, fassung)"
2,"(kommission, verkehr)"
2,"(bilateral, abkomm)"
2.2,"(zukomm, lass)"
2.2,"(polit, partei)"
2.2,"(ahv, zukomm)"
2.2,"(gemass, entwurf)"
2.4,"(gemass, antrag)"
2.4,"(fassung, kommission)"
2.4,"(eidgenoss, rat)"
2.4,"(pro, kopf)"
2.5,"(ersuch, mehrheit)"
2.5,"(kanton, zurich)"
2.6,"(kalt, progression)"
2.7,"(offent, verkehr)"
2.7,"(vorlieg, fall)"
2.7,"(kanton, uri)"
2.7,"(finanziell, unterstutz)"
2.8,"(wesent, bestandteil)"
2.8,"(bls, cargo)"
2.8,"(kommission, auffass)"
2.8,"(kommission, frag)"
2.8,"(kommission, empfiehlt)"
2.9,"(mind, zustimm)"
2.9,"(mehrheit, kommission)"
2.9,"(auffass, kommission)"
2.9,"(einzig, instanz)"
2.9,"(schwierig, fall)"
3,"(uberweis, motion)"
3.1,"(schweiz, europa)"
3.2,"(joseph, deiss)"
3.2,"(kommission, zuzustimm)"
3.4,"(diskussion, fuhr)"
3.4,"(volk, stand)"
3.4,"(enthalt, abgelehnt)"
3.4,"(kommission, beantrag)"
3.5,"(beschuldigt, person)"
3.5,"(offent, interess)"
3.5,"(polit, diskussion)"
3.6,"(gysin, remo)"
3.6,"(parlament, volk)"
3.6,"(losung, mehrheit)"
3.7,"(kommission, antrag)"
3.7,"(bundesamt, justiz)"
3.8,"(mind, ii)"
3.8,"(wort, ergreif)"
3.8,"(antrag, wak)"
3.9,"(fast, milliard)"
3.9,"(suspendier, stimmrecht)"
3.9,"(unterstutzt, mind)"
3.9,"(hoh, preis)"
4,"(kanton, tessin)"
4,"(konferenz, kantonal)"
4,"(uberschuss, goldreserv)"
4.1,"(zusammenarbeit, staat)"
4.1,"(aufgab, erfull)"
4.1,"(vollig, unbestritt)"
4.1,"(kommission, rechtsfrag)"
4.1,"(land, verlass)"
4.2,"(kommissionsmehr, folg)"
4.2,"(frank, gemass)"
4.2,"(ziel, erreich)"
4.3,"(mind, beantragt)"
4.3,"(klipp, klar)"
4.4,"(motion, eingereicht)"
4.5,"(motion, verlangt)"
4.5,"(forschung, entwickl)"
4.5,"(kauf, nehm)"
4.5,"(meist, kanton)"
4.6,"(vorlieg, motion)"
4.6,"(entschad, genugtu)"
4.6,"(eidgenoss, steuerverwalt)"
4.6,"(teilrevision, waldgesetz)"
4.6,"(kollektiv, kapitalanlag)"
4.6,"(kanton, uberlass)"
4.6,"(relativ, einfach)"
4.7,"(kenntnis, genomm)"
4.7,"(massnahm, ergreif)"
4.7,"(variant, berg)"
4.8,"(polit, akt)"
4.8,"(bitt, herr)"
4.8,"(ausland, studier)"
4.9,"(geni, minenraumpanz)"
4.9,"(expressis, verbis)"
4.9,"(sequenz, gen)"
5,"(ausserordent, wichtig)"
5,"(sica, fix)"
5,"(fusion, spaltung)"
5,"(nothilf, bezieh)"
5,"(rahm, eintret)"
5,"(ausserhalb, europa)"
5,"(intern, kontrollsyst)"
5,"(sexual, gewaltstraftat)"
5,"(ausserordent, grosszug)"
5,"(glaub, jetzig)"
5,"(illegal, eingewandert)"
5,"(schengenvisum, anerkenn)"
5,"(sozial, moral)"
5,"(fursorger, freiheitsentzug)"
5,"(interess, klient)"
5,"(mad, switzerland)"
5,"(zwangsweis, ruckfuhr)"
5,"(gericht, beurteil)"
5,"(klar, ausdruck)"
5,"(flughaf, zurich)"
5,"(staatspolit, kommission)"
5.1,"(ungefahr, prozent)"
5.1,"(schweizer, unternehm)"
5.1,"(kommissionsmehr, zuzustimm)"
5.1,"(polit, wesent)"
5.1,"(anteil, prozent)"
5.1,"(bundesgerichtsgesetz, verwaltungsgerichtsgesetz)"
5.2,"(frag, pruf)"
5.2,"(abgekurzt, verfahr)"
5.2,"(international, vergleich)"
5.2,"(gekropft, nordanflug)"
5.2,"(antrag, leutenegg)"
5.2,"(bundesverwaltungsgericht, st)"
5.3,"(stellung, nehm)"
5.3,"(eigentum, geschutzt)"
5.3,"(mitglied, verwaltungsrat)"
5.4,"(europa, patentubereinkomm)"
5.4,"(terrorist, straftat)"
5.4,"(selbststand, erwerbstat)"
5.4,"(aufheb, lex)"
5.4,"(prasenz, schweiz)"
5.4,"(bitt, minderheitsantrag)"
5.4,"(assoziier, scheng)"
5.5,"(still, reserv)"
5.5,"(amtlich, bulletin)"
5.5,"(volkerrecht, vertrag)"
5.5,"(schweizer, eisenbahnnetz)"
5.6,"(minderheitsantrag, abzulehn)"
5.6,"(stell, antrag)"
5.6,"(nam, einstimm)"
5.6,"(kraft, tret)"
5.6,"(waff, besitz)"
5.6,"(kanton, st)"
5.6,"(militarversicher, suva)"
5.7,"(elektron, lotteri)"
5.7,"(mehrheit, kanton)"
5.7,"(burg, uniform)"
5.7,"(prozent, prozent)"
5.7,"(kleintierhalt, landwirtschaftszon)"
5.7,"(heutig, praxis)"
5.8,"(zentral, anlieg)"
5.8,"(verwaltungsrat, geschaftsleit)"
5.8,"(mutmass, endkost)"
5.8,"(kanton, glarus)"
5.9,"(stell, einfach)"
6,"(tatbestand, indirekt)"
6,"(betreff, land)"
6.1,"(bitt, beacht)"
6.1,"(antrag, zuzustimm)"
6.1,"(kommission, eingeh)"
6.1,"(direkt, aktiv)"
6.1,"(schweizer, landesmuseum)"
6.1,"(kanton, verpflichtet)"
6.1,"(regional, erschopf)"
6.2,"(zuhand, amtlich)"
6.2,"(privat, anbiet)"
6.2,"(bundesprasident, leuenberg)"
6.2,"(nam, mehrheit)"
6.2,"(mind, folg)"
6.3,"(gewerb, kleinbetrieb)"
6.3,"(frank, vorgeseh)"
6.3,"(hochstsatz, prozent)"
6.3,"(ausserordent, kundig)"
6.3,"(stimm, angenomm)"
6.4,"(kraft, getret)"
6.4,"(kaspar, villig)"
6.4,"(scheng, abkomm)"
6.4,"(bitt, ruckweisungsantrag)"
6.4,"(wichtig, punkt)"
6.4,"(bankgeheimnis, bundesverfass)"
6.4,"(frag, beantwort)"
6.5,"(jurist, person)"
6.5,"(schweizer, neutralitat)"
6.5,"(chanc, geb)"
6.5,"(hansruedi, stadl)"
6.5,"(kanton, angst)"
6.5,"(betrieb, arbeitsplatz)"
6.5,"(einzeln, kanton)"
6.6,"(mind, seil)"
6.6,"(ausserordent, gefahr)"
6.6,"(ausdruck, gebracht)"
6.6,"(wovon, sprech)"
6.6,"(aufgrund, tatsach)"
6.6,"(letzt, meil)"
6.6,"(kommission, bitt)"
6.6,"(rechnung, getrag)"
6.7,"(erlass, bundesgesetz)"
6.7,"(vollzug, wegweis)"
6.7,"(qualifiziert, anleg)"
6.7,"(vorberat, kommission)"
6.8,"(absenk, technisch)"
6.8,"(geandert, rustungsprogramm)"
6.8,"(waff, umzugeh)"
6.8,"(obligator, referendum)"
6.9,"(kanton, genf)"
6.9,"(speziell, fall)"
6.9,"(zustand, kanton)"
6.9,"(entsprech, antrag)"
6.9,"(landlich, raum)"
6.9,"(mind, iii)"
6.9,"(prozent, echt)"
7,"(postulat, abzulehn)"
7,"(lag, kommission)"
7,"(fassung, einverstand)"
7,"(streng, massstab)"
7,"(satz, prozent)"
7,"(kanton, zustand)"
7,"(bundesgesetz, reorganisation)"
7,"(reorganisation, sicherheitsaufsicht)"
7,"(grupp, sport)"
7.1,"(anerkenn, schengenvisum)"
7.1,"(mess, dolch)"
7.1,"(schliesst, fassung)"
7.1,"(losung, gefund)"
7.1,"(differenz, berein)"
7.1,"(stichentscheid, prasident)"
7.2,"(staat, sozialwerk)"
7.2,"(kanton, aargau)"
7.2,"(pro, fall)"
7.3,"(heutig, sicht)"
7.3,"(meinung, vertret)"
7.3,"(indirekt, teilliquidation)"
7.3,"(frag, erschopf)"
7.4,"(bundesstrafgericht, bellinzona)"
7.4,"(schweizer, zivilprozessordn)"
7.4,"(fakultativ, referendum)"
7.4,"(polit, risiko)"
7.4,"(strukturiert, produkt)"
7.4,"(professor, oberson)"
7.4,"(schlicht, einfach)"
7.4,"(echt, fluchtling)"
7.5,"(bitt, kommissionsmehr)"
7.5,"(bitt, nam)"
7.5,"(staatlich, verordnet)"
7.6,"(staatlich, vorschrift)"
7.6,"(einverstand, erklar)"
7.6,"(nahesteh, person)"
7.6,"(gemass, botschaft)"
7.6,"(bitt, fassung)"
7.6,"(kantonal, angeleg)"
7.7,"(frank, zusatz)"
7.7,"(schutz, eigentum)"
7.7,"(gesamtwirtschaft, interess)"
7.8,"(kommission, vorlag)"
7.8,"(vorlieg, gesetz)"
7.8,"(per, januar)"
7.9,"(insgesamt, million)"
7.9,"(aktiv, mitwirk)"
7.9,"(finanziell, auswirk)"
8,"(kommission, meinung)"
8.1,"(referendum, unterstellt)"
8.1,"(probl, besteht)"
8.1,"(kreisschreib, nr)"
8.2,"(subkommission, ediuvek)"
8.2,"(frag, frag)"
8.2,"(gilt, grundsatz)"
8.2,"(etcs, level)"
8.3,"(fond, eisenbahngrossprojekt)"
8.3,"(prozent, kanton)"
8.4,"(national, erschopf)"
8.4,"(beantragt, initiativ)"
8.4,"(meinung, antrag)"
8.5,"(international, erschopf)"
8.5,"(bundesbeschluss, genehm)"
8.5,"(aufmerksam, geschenkt)"
8.5,"(bemerk, anzubring)"
8.5,"(gesetz, regel)"
8.5,"(bitt, mind)"
8.6,"(redaktionell, ander)"
8.6,"(paralandwirtschaft, tatig)"
8.6,"(fisch, vogel)"
8.6,"(problem, gelost)"
8.8,"(ressourcenstark, kanton)"
8.8,"(plus, prozent)"
8.8,"(nam, mind)"
8.8,"(illegal, anwes)"
8.9,"(volk, falsch)"
8.9,"(art, weis)"
9,"(bitt, antrag)"
9,"(prioritat, mind)"
9,"(negativ, auswirk)"
9.1,"(frank, million)"
9.1,"(fall, fall)"
9.2,"(aussicht, gestellt)"
9.2,"(antrag, reimann)"
9.2,"(doppelt, strafbar)"
9.2,"(bedeut, fall)"
9.2,"(massnahm, ergriff)"
9.3,"(bzw, prozent)"
9.3,"(leib, leb)"
9.3,"(geleg, geb)"
9.3,"(stimm, abgelehnt)"
9.3,"(auftrag, arme)"
9.3,"(sag, fall)"
9.3,"(polit, entscheid)"
9.4,"(finanzkommission, folg)"
9.4,"(freien, personenverkehr)"
9.4,"(volksinitiativ, unterstutz)"
9.5,"(beschluss, festzuhalt)"
9.5,"(frank, prozent)"
9.6,"(baut, logist)"
9.6,"(bundesamt, baut)"
9.6,"(zuzustimm, antrag)"
9.7,"(einzeln, burg)"
9.8,"(borsenkotiert, unternehm)"
10,"(aufgab, bund)"
10,"(stimm, mind)"
10.1,"(sozial, wohlfahrt)"
10.3,"(stell, bitt)"
10.3,"(beantragt, kommission)"
10.4,"(frag, aufgeworf)"
10.4,"(tur, tor)"
10.4,"(stark, mind)"
10.4,"(besteh, gebaud)"
10.5,"(abgab, gebuhr)"
10.5,"(meinung, frag)"
10.6,"(gefahr, besteht)"
10.7,"(behandl, geschaft)"
10.8,"(heutig, losung)"
10.9,"(schweiz, burg)"
10.9,"(minus, milliard)"
11,"(ander, vorzunehm)"
11,"(feld, gefuhrt)"
11.2,"(nam, kommissionsmehr)"
11.2,"(link, ratsseit)"
11.2,"(steu, abgab)"
11.3,"(klar, meinung)"
11.3,"(bundesamt, landwirtschaft)"
11.4,"(ausserordent, schwierig)"
11.4,"(wiederkehr, ausgab)"
11.5,"(gewiss, verstandnis)"
12.1,"(hofmann, han)"
12.1,"(doppelspur, vermeid)"
12.3,"(unbefried, situation)"
12.6,"(kredit, million)"
12.6,"(mehrheit, zuzustimm)"
12.6,"(zusatz, administrativ)"
12.8,"(bitt, vorlag)"
13.3,"(kost, senk)"
14.7,"(administrativ, aufwand)"
17,"(bitt, mehrheit)"
18.1,"(vorlag, einzutret)"
0.2,"(wichtig, bereich)"
0.2,"(auslanderinn, ausland)"
0.2,"(international, gericht)"
0.3,"(steuerpflicht, person)"
0.3,"(schweiz, arme)"
0.4,"(einfuhr, fallpauschal)"
0.5,"(wesent, punkt)"
0.5,"(fall, tinn)"
0.5,"(kommission, sozial)"
0.6,"(motion, unterstutz)"
0.6,"(stell, nam)"
0.6,"(wichtig, element)"
0.8,"(standard, rechnungsleg)"
0.8,"(gemeinnutz, organisation)"
0.8,"(grundsatz, frag)"
1,"(jahrlich, ausgleich)"
1,"(heutig, situation)"
1.1,"(diskussion, anlass)"
1.1,"(de, la)"
1.1,"(motion, motion)"
1.2,"(polit, frag)"
1.2,"(managed, car)"
1.3,"(elektron, vollmacht)"
1.3,"(muse, sammlung)"
1.3,"(beantrag, motion)"
1.4,"(beantrag, antrag)"
1.4,"(unterstutz, minderheitsantrag)"
1.5,"(land, schweiz)"
1.5,"(schweiz, schul)"
1.6,"(motion, zuzustimm)"
1.7,"(milliard, frank)"
1.8,"(national, solidaritat)"
1.9,"(werkplatz, schweiz)"
1.9,"(mitglied, kommission)"
1.9,"(technisch, handelshemmnis)"
1.9,"(bitt, frau)"
2,"(gesetz, regeln)"
2,"(les, seh)"
2.1,"(mind, schelbert)"
2.1,"(sag, schreib)"
2.2,"(direkt, bundessteu)"
2.3,"(antrag, gestellt)"
2.3,"(stimm, zugestimmt)"
2.5,"(deutsch, bundestag)"
2.5,"(wichtig, frag)"
2.5,"(million, million)"
2.5,"(glaub, wichtig)"
2.6,"(sinn, zweck)"
2.7,"(schwer, delikt)"
2.8,"(kurt, furgl)"
2.9,"(halt, einfach)"
2.9,"(motion, annehm)"
2.9,"(frank, pro)"
2.9,"(schweizerinn, schweiz)"
3,"(hoh, kost)"
3,"(hand, nehm)"
3,"(frank, sprech)"
3.1,"(zivil, baut)"
3.2,"(motion, fordert)"
3.2,"(stimm, beschloss)"
3.3,"(dringend, notig)"
3.3,"(schweiz, bereich)"
3.3,"(padagog, hochschul)"
3.4,"(kommission, folg)"
3.4,"(kraft, setz)"
3.4,"(bundesverfass, verankert)"
3.4,"(systemrelevant, funktion)"
3.5,"(roll, spiel)"
3.5,"(verfug, steh)"
3.6,"(motion, angenomm)"
3.6,"(motion, herrn)"
3.6,"(schaff, klarheit)"
3.6,"(kanton, kanton)"
3.6,"(bundesprasident, couchepin)"
3.7,"(letzt, bemerk)"
3.7,"(letzt, wort)"
3.7,"(grund, beantrag)"
3.8,"(massnahm, getroff)"
3.8,"(kommission, rat)"
3.8,"(zweckgebund, einnahm)"
3.8,"(grund, genomm)"
3.8,"(prioritat, setz)"
3.8,"(hand, biet)"
3.9,"(berat, kommission)"
3.9,"(ort, quartierub)"
3.9,"(folg, gegeb)"
3.9,"(rahmenkredit, million)"
4,"(status, quo)"
4,"(letzt, monat)"
4,"(frag, herrn)"
4,"(dringlich, ausgabenbeschluss)"
4.1,"(swiss, olympic)"
4.1,"(parallelimport, patentgeschutzt)"
4.1,"(fritz, schiess)"
4.1,"(grund, wesweg)"
4.1,"(ausserordent, session)"
4.2,"(hoh, betrag)"
4.2,"(rollend, landstrass)"
4.3,"(anlass, sitzung)"
4.3,"(humanitar, hilf)"
4.3,"(schweiz, fahrend)"
4.3,"(stiftung, zukunft)"
4.3,"(christoph, lanz)"
4.3,"(selbstverstand, ebenfall)"
4.3,"(ostschweizer, burgschaftsgenossenschaft)"
4.3,"(unterstutz, kulturell)"
4.3,"(flugzeug, kauf)"
4.3,"(einfach, sicherheitsdien)"
4.3,"(total, marktoffn)"
4.3,"(betreff, abkomm)"
4.3,"(kommend, finanzjahr)"
4.3,"(mont, tendr)"
4.3,"(oberst, martinoni)"
4.3,"(sonderfinanzier, flugzeug)"
4.3,"(erfolg, abgrenz)"
4.3,"(rechtssich, publizitatswirk)"
4.3,"(schweiz, luftfahrt)"
4.3,"(sicherheitspolit, instrument)"
4.3,"(unterhalt, besteh)"
4.3,"(holzhalt, dammstoff)"
4.3,"(elektron, signatur)"
4.4,"(frank, erhoht)"
4.4,"(rechtsetz, bestimm)"
4.4,"(umfang, million)"
4.5,"(gesetzgeber, kompetenz)"
4.5,"(vega, sojus)"
4.5,"(nam, kommission)"
4.5,"(frag, einfach)"
4.6,"(digital, fernseh)"
4.6,"(kombiniert, verkehr)"
4.6,"(ausland, begehungsort)"
4.6,"(nehm, kenntnis)"
4.6,"(wohn, alt)"
4.6,"(wirtschaft, entwickl)"
4.6,"(famili, kind)"
4.6,"(denk, beispielsweis)"
4.7,"(entlast, famili)"
4.7,"(antwort, frag)"
4.7,"(unvollstand, aufklar)"
4.7,"(kompetenz, kanton)"
4.7,"(radio, fernseh)"
4.8,"(illegal, waff)"
4.8,"(kommando, ubernehm)"
4.8,"(bundesamt, gesund)"
4.8,"(zimmerberg, ii)"
5,"(jahrlich, million)"
5,"(pflicht, genomm)"
5,"(christoph, bloch)"
5,"(klinisch, forschung)"
5,"(zusammenarbeit, kanton)"
5,"(grundsatz, hinsicht)"
5.1,"(sand, aug)"
5.1,"(prozent, million)"
5.1,"(eigent, klar)"
5.1,"(aktuell, situation)"
5.2,"(mangel, bereich)"
5.2,"(griff, bekomm)"
5.3,"(radio, fernsehgebuhr)"
5.3,"(steuerbar, einkomm)"
5.3,"(motion, beantragt)"
5.3,"(kommissionsmind, bitt)"
5.3,"(besteh, schutzbaut)"
5.3,"(pick, rosin)"
5.3,"(zirka, milliard)"
5.3,"(schweiz, eu)"
5.3,"(wettbewerb, hochschul)"
5.3,"(oskar, holenweg)"
5.3,"(spezialfinanzier, strassenverkehr)"
5.4,"(beantrag, nam)"
5.4,"(auftrag, gegeb)"
5.4,"(volksrecht, direkt)"
5.5,"(bedingt, ruckzahlbar)"
5.5,"(tief, preis)"
5.5,"(grundlag, geschaff)"
5.6,"(volkerrecht, landesrecht)"
5.6,"(institutionell, einbind)"
5.6,"(gesetz, verordn)"
5.6,"(histor, kompromiss)"
5.6,"(indirekt, gegenentwurf)"
5.6,"(ruckzahlbar, darleh)"
5.6,"(alt, schwer)"
5.7,"(stell, frag)"
5.8,"(gewiss, sinn)"
5.8,"(vorlag, zuzustimm)"
5.8,"(weiblich, genitalverstummel)"
5.9,"(falsch, signal)"
5.9,"(mind, bieri)"
5.9,"(entschied, auffass)"
5.9,"(person, waff)"
6,"(kommission, intensiv)"
6,"(gewalt, sport)"
6,"(kommission, motion)"
6,"(nam, kommissionsmind)"
6,"(luftfahrtpolit, bericht)"
6,"(jeanfrançois, rim)"
6.1,"(meierschatz, alt)"
6.1,"(anlass, projekt)"
6.1,"(gemess, einkomm)"
6.1,"(mind, pedrina)"
6.1,"(quartierub, mietzins)"
6.1,"(verhut, folt)"
6.1,"(motion, darbellay)"
6.1,"(million, dos)"
6.1,"(wahlerstark, partei)"
6.2,"(grundprinzipi, volkerrecht)"
6.2,"(bundeshaus, ost)"
6.2,"(verfug, stehend)"
6.2,"(lex, pharma)"
6.3,"(gentechn, verandert)"
6.3,"(pro, helvetia)"
6.3,"(klar, antwort)"
6.4,"(antwort, geb)"
6.4,"(mehrheit, wak)"
6.4,"(kraft, gesetzt)"
6.4,"(schweiz, bau)"
6.5,"(unabhang, land)"
6.5,"(jung, leut)"
6.5,"(schweiz, burgerrecht)"
6.5,"(aufheb, immunitat)"
6.6,"(bitt, ebenfall)"
6.6,"(interess, land)"
6.6,"(ausdehn, personenfreizug)"
6.7,"(vertritt, auffass)"
6.7,"(rahm, berat)"
6.7,"(volk, versproch)"
6.7,"(losung, problem)"
6.7,"(eidgenoss, feldschiess)"
6.7,"(annahm, initiativ)"
6.8,"(stiftung, pro)"
6.8,"(schweiz, landwirtschaft)"
6.9,"(arme, arme)"
6.9,"(kommend, generation)"
6.9,"(angehor, arme)"
6.9,"(international, vertrag)"
6.9,"(insgesamt, milliard)"
6.9,"(geistig, eigentum)"
7,"(variabel, verzins)"
7.1,"(kommission, entscheid)"
7.1,"(international, ubereinkomm)"
7.1,"(antrag, staatsanwalt)"
7.2,"(betrag, million)"
7.2,"(wahl, verkehrsmittel)"
7.2,"(pro, jahrgang)"
7.3,"(bezug, finanzier)"
7.3,"(hauseigentumerverband, schweiz)"
7.4,"(freie, wahl)"
7.4,"(autonomi, hochschul)"
7.5,"(wachstum, prozent)"
7.5,"(arme, xxi)"
7.5,"(bitt, sinn)"
7.6,"(kanton, thurgau)"
7.6,"(xxi, entwicklungsschritt)"
7.7,"(schweizer, landwirtschaft)"
7.7,"(international, wettbewerb)"
7.7,"(automat, informationsaustausch)"
7.7,"(jahrlich, wiederwahl)"
7.7,"(kanton, gemeind)"
7.8,"(bitt, kenntnis)"
7.8,"(ausland, student)"
7.9,"(agrarfreihandel, eu)"
7.9,"(kost, million)"
7.9,"(vollig, frei)"
8,((Intercept))
8,"(bericht, armeebericht)"
8.1,"(schutz, privateigentum)"
8.1,"(frag, arme)"
8.1,"(bulgari, rumani)"
8.2,"(dreh, wend)"
8.2,"(einnahm, ausgab)"
8.2,"(bundesamt, migration)"
8.2,"(kriminell, ausland)"
8.3,"(wiederwahl, verwaltungsrat)"
8.3,"(genau, gegenteil)"
8.4,"(ausserordent, staatsanwalt)"
8.5,"(bund, kanton)"
8.5,"(unverfalscht, stimmabgab)"
8.6,"(finanzplatz, schweiz)"
8.6,"(zeich, setz)"
8.7,"(million, frank)"
8.8,"(frank, gesproch)"
8.8,"(land, bevolker)"
8.8,"(geld, verteil)"
9,"(frank, kostet)"
9,"(hoh, zins)"
9,"(intensiv, diskussion)"
9.1,"(st, gall)"
9.1,"(selbstgenutzt, wohneigentum)"
9.1,"(wohnsitz, schweiz)"
9.1,"(bitt, parlamentar)"
9.2,"(grundsatz, uberleg)"
9.2,"(frank, milliard)"
9.2,"(meierschatz, herrn)"
9.2,"(einfach, burg)"
9.2,"(entspricht, eigent)"
9.3,"(aufgab, staat)"
9.3,"(frank, aufgestockt)"
9.3,"(bilateral, iii)"
9.4,"(chef, arme)"
9.7,"(steu, entlast)"
9.7,"(einzutret, zuzustimm)"
9.8,"(schweiz, wirtschaft)"
9.9,"(zusatz, steu)"
10,"(referendum, unterstell)"
10.2,"(schwarz, list)"
10.3,"(bewaffnet, neutralitat)"
10.3,"(initiativ, ablehn)"
10.4,"(meist, fall)"
10.6,"(schweiz, steuerzahl)"
10.7,"(heutig, zeitpunkt)"
10.7,"(verfehlt, polit)"
10.8,"(bitt, unterstutz)"
10.9,"(gesund, menschenverstand)"
11.1,"(wirtschaftsstandort, schweiz)"
11.2,"(frag, frau)"
11.7,"(einheit, materi)"
11.8,"(hoh, steu)"
11.9,"(stuf, bund)"
12,"(initiativ, abzulehn)"
12,"(mind, abzulehn)"
13.2,"(ablehn, empfehl)"
13.8,"(schweiz, bevolker)"
14.1,"(bitt, initiativ)"
15.1,"(stellt, frag)"
0.1,"(kantonal, justiz)"
0.1,"(empfang, verfahrenszentr)"
0.1,"(person, freiheit)"
0.2,"(mitarbeiterinn, mitarbeit)"
0.3,"(lebenslang, freiheitsstraf)"
0.3,"(patronal, wohlfahrtsfond)"
0.3,"(dringend, mind)"
0.5,"(kanton, bund)"
0.6,"(elektron, patientendossi)"
0.6,"(nachrichtendien, bund)"
0.7,"(militardien, leist)"
0.7,"(infrag, stell)"
0.8,"(abschaff, bedingt)"
0.8,"(polit, exponiert)"
0.9,"(reorganisation, bundesamt)"
0.9,"(auftrag, erfull)"
0.9,"(ehe, ungult)"
0.9,"(stand, heraus)"
0.9,"(hoh, hurd)"
0.9,"(fair, verfahr)"
0.9,"(antrag, stell)"
1,"(geschatzt, herr)"
1.1,"(eingetrag, partnerschaft)"
1.2,"(geringfug, meng)"
1.2,"(vereinigt, staat)"
1.3,"(hauslich, gewalt)"
1.3,"(aug, behalt)"
1.4,"(sexuell, belast)"
1.4,"(antrag, recordon)"
1.4,"(anwend, volkerrecht)"
1.4,"(reform, altersvorsorg)"
1.5,"(knapp, milliard)"
1.6,"(europa, menschenrechtskonvention)"
1.6,"(sexuell, handlung)"
1.6,"(interess, verurteilt)"
1.8,"(frag, gestellt)"
1.9,"(vollig, klar)"
1.9,"(aufsicht, nachrichtendien)"
1.9,"(zusatz, beschaffungsmassnahm)"
1.9,"(kanton, schwyz)"
2,"(hundert, million)"
2,"(kanton, unterschied)"
2.1,"(electronic, monitoring)"
2.1,"(aussenpolit, kommission)"
2.2,"(ans, bundesgericht)"
2.2,"(swiss, gaap)"
2.3,"(verdeckt, ermittl)"
2.3,"(schwer, verbrech)"
2.4,"(steiger, prozent)"
2.4,"(zivil, behord)"
2.4,"(direkt, demokrati)"
2.5,"(frag, nachrichtendien)"
2.5,"(vat, mutt)"
2.6,"(bedingt, geldstraf)"
2.8,"(besteht, gefahr)"
2.8,"(leiblich, elternteil)"
2.9,"(mehrheit, finanzkommission)"
2.9,"(kurzung, million)"
2.9,"(finanziell, situation)"
2.9,"(geschadigt, person)"
2.9,"(patrouill, suiss)"
3,"(erfolgsmodell, schweiz)"
3,"(initiativ, hiltpold)"
3.2,"(geltend, regel)"
3.2,"(zusammenhang, schengendublin)"
3.2,"(obligator, krankenversicher)"
3.2,"(praventiv, verdeckt)"
3.3,"(interess, schweiz)"
3.3,"(wichtig, landesinteress)"
3.3,"(beruf, vorsorg)"
3.4,"(initiativ, fordert)"
3.5,"(exponiert, person)"
3.5,"(jung, erwachs)"
3.5,"(klar, gesetz)"
3.6,"(olymp, komite)"
3.6,"(straf, massnahmenvollzug)"
3.6,"(visch, daniel)"
3.7,"(rechtsprech, bundesgericht)"
3.7,"(annahm, empfehl)"
3.7,"(schutzwurd, interess)"
3.7,"(ausserdienststell, rustungsgut)"
3.8,"(entscheid, fall)"
3.8,"(this, jenny)"
3.9,"(wegbeding, gewahrleist)"
3.9,"(gruppier, islam)"
4,"(schweiz, land)"
4,"(richterinn, richt)"
4.1,"(unabhang, kontrollinstanz)"
4.1,"(zwingend, folg)"
4.1,"(einsatz, arme)"
4.1,"(costa, rica)"
4.2,"(kommissionsmind, unterstutz)"
4.2,"(europa, staat)"
4.2,"(pet, malama)"
4.3,"(fluchtling, anerkannt)"
4.3,"(weitergab, personendat)"
4.3,"(vorlauf, aufnahm)"
4.4,"(ausserst, wichtig)"
4.4,"(leistung, erbring)"
4.5,"(rickli, natali)"
4.6,"(asylgesuch, stell)"
4.6,"(geschatzt, frau)"
4.6,"(kanton, graubund)"
4.6,"(interess, versichert)"
4.6,"(kmu, gewerb)"
4.7,"(relativ, immunitat)"
4.7,"(sogenannt, buss)"
4.7,"(bundesricht, raselli)"
4.7,"(import, wurzfleisch)"
4.7,"(martin, stern)"
4.7,"(niccolò, raselli)"
4.7,"(pet, hefti)"
4.7,"(schweizer, anmerk)"
4.7,"(freie, einwander)"
4.7,"(strassenverkehr, geldstraf)"
4.7,"(vat, bezahl)"
4.7,"(unregelmass, produzier)"
4.7,"(forum, gesund)"
4.7,"(han, wyer)"
4.7,"(leon, schlumpf)"
4.7,"(mindestquot, prozent)"
4.7,"(mitenand, gaht)"
4.7,"(aktionar, hupac)"
4.7,"(bodenunabhang, produktion)"
4.7,"(finanziell, ruckbehalt)"
4.7,"(privat, spitex)"
4.7,"(ruckweis, festzuhalt)"
4.7,"(spitex, mehrwertsteu)"
4.7,"(direkt, chef)"
4.7,"(inkraftsetz, nfa)"
4.7,"(rat, hundert)"
4.7,"(la, embajada)"
4.7,"(markus, weng)"
4.7,"(organisator, personell)"
4.7,"(entsprech, operation)"
4.7,"(ergebnisbasiert, mindestquot)"
4.7,"(ertragsbasiert, mindestquot)"
4.7,"(gegeb, wirkungsanalys)"
4.7,"(haushaltseinkomm, frank)"
4.7,"(netzwerk, arbeit)"
4.7,"(vorstandsmitglied, schweizer)"
4.7,"(ausserhalb, finanzbranch)"
4.7,"(innerhalb, fabi)"
4.7,"(offent, spitex)"
4.7,"(massnahm, alkoholexzess)"
4.7,"(wort, letztmal)"
4.7,"(abgeschloss, international)"
4.7,"(antidoping, schweiz)"
4.7,"(arme, gesamtsyst)"
4.7,"(aung, san)"
4.7,"(de, guatemala)"
4.7,"(effizient, ausbild)"
4.7,"(han, pet)"
4.7,"(hauslich, abwass)"
4.7,"(otto, ineich)"
4.7,"(pet, gerschwil)"
4.7,"(san, suu)"
4.7,"(schul, feri)"
4.7,"(suu, kyi)"
4.7,"(traditionell, osthilf)"
4.7,"(zusatz, ausbild)"
4.7,"(gesamtsyst, arme)"
4.7,"(arme, mass)"
4.7,"(beurteilungsstuf, jahrlich)"
4.7,"(folgt, massnahm)"
4.7,"(freiheit, garanti)"
4.7,"(fusion, nachrichtendien)"
4.7,"(gesichert, netz)"
4.7,"(heimabgab, waff)"
4.7,"(ordent, bericht)"
4.7,"(plafonier, bundesausgab)"
4.7,"(postulat, berberat)"
4.7,"(primar, verwalt)"
4.7,"(prozent, westschweiz)"
4.7,"(stabil, balkan)"
4.7,"(zivil, polizei)"
4.7,"(organisiert, unverantwort)"
4.7,"(stimmt, nachweis)"
4.7,"(erhoh, mindestquot)"
4.7,"(freiheit, mehrheit)"
4.7,"(kapbotschaft, dezemb)"
4.7,"(patrouill, glaci)"
4.7,"(pro, wehrmann)"
4.7,"(trupp, vollstand)"
4.7,"(abgab, auflag)"
4.7,"(arthur, hansenberg)"
4.7,"(bezieh, opf)"
4.7,"(grundsatz, gesamtreineinkommensbesteuer)"
4.7,"(heilmittel, abgeb)"
4.7,"(legal, zahlungsmittel)"
4.7,"(person, heilmittel)"
4.7,"(zehntaus, jurist)"
4.7,"(frag, einzig)"
4.7,"(globalbudget, leistungsauftrag)"
4.7,"(nationalbankprasident, hildebrand)"
4.7,"(nichtbelegt, platz)"
4.7,"(hongkong, china)"
4.7,"(million, tief)"
4.7,"(erneut, vorlad)"
4.7,"(mehrwertsteu, silb)"
4.7,"(pet, gerb)"
4.7,"(jeanjacqu, cevey)"
4.7,"(gewerbsmass, verstoss)"
4.7,"(punkt, fertig)"
4.7,"(paul, scherr)"
4.7,"(spontan, informationsaustausch)"
4.7,"(frag, stell)"
4.8,"(initiativ, unterstutz)"
4.9,"(fluglarm, betroff)"
4.9,"(eidgenoss, gericht)"
4.9,"(mind, knecht)"
4.9,"(mont, ceneri)"
4.9,"(markus, kundig)"
5,"(kanton, zug)"
5,"(schaff, rahmenbeding)"
5,"(rahmenbeding, bezug)"
5,"(jurist, student)"
5,"(straftat, dnadat)"
5,"(extern, kinderbetreu)"
5,"(europa, landschaftskonvention)"
5,"(samtlich, beitrag)"
5.1,"(plus, stell)"
5.1,"(syst, tier)"
5.1,"(organ, finma)"
5.1,"(besuch, tribun)"
5.1,"(dreistuf, bewilligungsverfahr)"
5.1,"(dringend, mehrheit)"
5.1,"(offent, verwalt)"
5.2,"(funktionier, weiterbildungsmarkt)"
5.2,"(fuhrungsnetz, schweiz)"
5.2,"(tatig, kontakt)"
5.2,"(fleisch, eierproduktion)"
5.2,"(bekenntnis, standort)"
5.2,"(flugplatz, emm)"
5.3,"(prozent, meinung)"
5.3,"(international, sportorganisation)"
5.3,"(antrag, kommissionsmehr)"
5.3,"(ostschweiz, spang)"
5.3,"(bilateral, vertrag)"
5.3,"(vollstand, ausgerustet)"
5.3,"(otto, stich)"
5.3,"(schuldenpravention, werbung)"
5.4,"(wahlerinn, wahl)"
5.4,"(pornograf, material)"
5.4,"(betreff, person)"
5.4,"(reform, direktzahl)"
5.4,"(tribun, erheb)"
5.4,"(bezahlt, soldn)"
5.5,"(auskunft, geb)"
5.5,"(leutenegg, oberholz)"
5.5,"(verena, dien)"
5.5,"(einzelantrag, bor)"
5.5,"(abteil, bundesverwaltungsgericht)"
5.5,"(nachrichtendien, nachrichtendien)"
5.6,"(schweiz, asyldestination)"
5.6,"(gerichtshof, menschenrecht)"
5.6,"(eidgenoss, zollverwalt)"
5.6,"(bevolker, arme)"
5.6,"(privat, medi)"
5.6,"(al, kaida)"
5.6,"(personalausgab, milliard)"
5.6,"(sink, preis)"
5.7,"(beantrag, parlamentar)"
5.7,"(streichung, kurzung)"
5.7,"(standort, schweiz)"
5.7,"(asylgesuch, gestellt)"
5.7,"(woch, wk)"
5.7,"(arme, dient)"
5.8,"(selbstbestimm, schweiz)"
5.8,"(beschluss, gefasst)"
5.8,"(gestatt, frag)"
5.8,"(link, mitt)"
5.8,"(eidgenoss, hochschul)"
5.8,"(ausserordent, lag)"
5.8,"(bundesgesetz, bundesgericht)"
5.8,"(nidegg, zuzustimm)"
5.9,"(arme, vertrau)"
5.9,"(betroff, offent)"
5.9,"(betracht, stell)"
5.9,"(mord, mari)"
5.9,"(unentgelt, rechtspfleg)"
5.9,"(hosli, folg)"
6,"(verwahr, therapi)"
6,"(konsequent, durchzieh)"
6,"(arme, verabschied)"
6,"(international, sportverband)"
6,"(darleh, ahv)"
6,"(markt, verdrangt)"
6,"(schutz, bevolker)"
6,"(schockier, fall)"
6.1,"(sicherheitspolit, bericht)"
6.1,"(parlamentar, kommission)"
6.1,"(kommission, stimm)"
6.1,"(unbestritt, projekt)"
6.1,"(einfach, sag)"
6.1,"(geschaft, einzutret)"
6.1,"(vorsteherin, vbs)"
6.1,"(arbeitsplatz, schaff)"
6.2,"(kriminell, tatig)"
6.2,"(gegenteil, fall)"
6.2,"(verschied, bereich)"
6.2,"(prasident, nationalbank)"
6.2,"(handelt, botschaft)"
6.2,"(leb, verfolgt)"
6.2,"(milchkuh, nation)"
6.2,"(nachrichtenlos, vermogenswert)"
6.2,"(dringlich, massnahm)"
6.2,"(nachrichtendien, einfach)"
6.2,"(fisch, roland)"
6.3,"(anfang, bitt)"
6.3,"(eigent, beliebt)"
6.3,"(wachs, lass)"
6.3,"(projekt, gestoppt)"
6.3,"(richt, beschluss)"
6.3,"(begriff, schutz)"
6.3,"(begriff, verteid)"
6.3,"(militar, kraft)"
6.3,"(rustungsgut, beschaff)"
6.3,"(einsatz, stand)"
6.3,"(allgemeinpraktizier, arzt)"
6.3,"(frag, weiterentwickl)"
6.4,"(gesetz, vorgeschrieb)"
6.4,"(the, law)"
6.4,"(gesetz, vorgab)"
6.4,"(sogenannt, modern)"
6.5,"(stimmburgerinn, stimmburg)"
6.5,"(bereich, kabelaufklar)"
6.5,"(beantragt, mind)"
6.5,"(eckwert, milliard)"
6.5,"(entsprech, material)"
6.5,"(akteur, gutertransport)"
6.5,"(bitt, dringend)"
6.5,"(pravention, jugendverschuld)"
6.5,"(regel, privatwirtschaft)"
6.5,"(vermogenswert, krankenkass)"
6.5,"(behindert, mitmensch)"
6.5,"(sag, klipp)"
6.6,"(gestatt, hinweis)"
6.6,"(erhoht, bereitschaft)"
6.6,"(ehemal, baudirektor)"
6.6,"(schwedisch, staat)"
6.6,"(umfass, familienpolit)"
6.6,"(liberal, wirtschaftsordn)"
6.6,"(gezahlt, bitt)"
6.6,"(erhoh, lohn)"
6.6,"(patient, versicher)"
6.6,"(revision, militargesetz)"
6.6,"(sicherheitskraft, einsatz)"
6.7,"(letzt, punkt)"
6.7,"(stell, bekomm)"
6.7,"(ausserst, hoh)"
6.7,"(bezug, finanz)"
6.7,"(identifikation, befrag)"
6.8,"(gesundheitswes, land)"
6.8,"(klar, gesetzesgrundlag)"
6.8,"(freiheit, einzeln)"
6.8,"(bedroh, reagi)"
6.9,"(court, zuzustimm)"
6.9,"(heikl, fall)"
6.9,"(rapp, pro)"
7,"(ausgabensteiger, prozent)"
7,"(zentral, ausgleichsstell)"
7,"(bisher, beschluss)"
7,"(seh, zurzeit)"
7.1,"(landwirtschaft, ernahr)"
7.1,"(volkerrecht, verstoss)"
7.1,"(lohn, geb)"
7.1,"(schwerpunkt, setz)"
7.1,"(verordn, bundesversamml)"
7.1,"(helf, arme)"
7.1,"(pro, arbeitsplatz)"
7.2,"(verteid, land)"
7.2,"(meng, gelt)"
7.2,"(standort, tessin)"
7.2,"(minut, sekund)"
7.2,"(minderheitsantrag, zuzustimm)"
7.2,"(angestammt, beruf)"
7.2,"(bildung, arbeitsgemeinschaft)"
7.2,"(mitglied, erweitert)"
7.3,"(rot, fleisch)"
7.3,"(mind, zuzustimm)"
7.3,"(bezieh, ausland)"
7.3,"(vernehmlass, verzicht)"
7.4,"(fehlend, wirtschaft)"
7.4,"(natali, zuzustimm)"
7.4,"(ausland, verteil)"
7.5,"(betaubungsmittel, wirkungstyps)"
7.5,"(gramm, betaubungsmittel)"
7.5,"(wirkungstyps, cannabis)"
7.5,"(modern, bedroh)"
7.5,"(prozent, liegt)"
7.5,"(direkt, zusammenhang)"
7.5,"(unterstutz, grenzwachtkorps)"
7.5,"(schien, strass)"
7.5,"(eracht, unbedingt)"
7.6,"(direkt, offent)"
7.6,"(grenzuberschreit, person)"
7.6,"(schweizer, nationalbank)"
7.6,"(knecht, unterstutz)"
7.6,"(netzwerk, ausland)"
7.6,"(eingeteilt, bleib)"
7.7,"(ressourc, geschaff)"
7.7,"(stark, zweifel)"
7.7,"(monat, massiv)"
7.7,"(mehrheit, schweizervolk)"
7.8,"(fass, bod)"
7.9,"(parlamentar, versamml)"
7.9,"(eidgenoss, alkoholverwalt)"
8,"(polit, gruppier)"
8,"(vorangeh, debatt)"
8,"(funktionier, foderalismus)"
8,"(kind, verdi)"
8.1,"(natali, folg)"
8.1,"(bereich, erzieh)"
8.1,"(grundeinkomm, frank)"
8.1,"(passiert, braucht)"
8.2,"(mehrwertsteuererhoh, prozentpunkt)"
8.4,"(unnot, art)"
8.4,"(mechanisiert, brigad)"
8.4,"(wert, vermitteln)"
8.4,"(staatlich, finanziert)"
8.4,"(falsch, richtung)"
8.5,"(ausgab, niveau)"
8.5,"(europa, union)"
8.6,"(saal, letzt)"
8.6,"(bleib, antrag)"
8.6,"(inland, rohstoff)"
8.6,"(chef, vbs)"
8.7,"(sag, nochmal)"
8.8,"(gramm, cannabis)"
8.8,"(dringend, notwend)"
8.8,"(sag, einfach)"
8.9,"(richtung, zukunft)"
9,"(gebuhr, bezahl)"
9,"(fremdbetreu, lass)"
9,"(ungebrem, zuwander)"
9,"(stund, stau)"
9,"(sogenannt, energiew)"
9,"(bisher, losung)"
9.1,"(hoh, million)"
9.1,"(kommission, tabakpravention)"
9.1,"(zusatz, abgab)"
9.2,"(prinzip, gewaltentrenn)"
9.2,"(souveran, staat)"
9.3,"(national, finanzausgleich)"
9.3,"(sexualpadagog, schul)"
9.5,"(dam, herr)"
9.5,"(sag, bitt)"
9.6,"(anschau, seh)"
9.7,"(gesetz, mindestlohn)"
9.7,"(unkontrolliert, zuwander)"
9.8,"(sis, ii)"
9.8,"(wesent, hoh)"
9.8,"(spielt, roll)"
9.9,"(europa, gerichtshof)"
10,"(zusatz, bericht)"
10,"(grund, bitt)"
10.2,"(unnot, regulier)"
10.2,"(geld, verdi)"
10.3,"(kind, fremdbetreu)"
10.3,"(ausland, schweiz)"
10.3,"(bitt, motion)"
10.4,"(schutz, privatsphar)"
10.7,"(klarheit, schaff)"
10.9,"(administrativ, mehrbelast)"
10.9,"(kost, milliardenhoh)"
11,"(budget, milliard)"
11.2,"(wirtschaft, situation)"
11.3,"(frank, kost)"
11.6,"(international, organisation)"
13.4,"(abgewies, asylbewerb)"
14.1,"(staatlich, eingriff)"
0.1,"(verletz, person)"
0.1,"(person, asylbereich)"
0.1,"(steu, bezahl)"
0.1,"(motion, landolt)"
0.1,"(heutig, gesetz)"
0.1,"(bereich, entsprech)"
0.1,"(burgerinn, burg)"
0.1,"(kanton, luz)"
0.1,"(sicht, notwend)"
0.1,"(mey, mattea)"
0.1,"(kantonal, behord)"
0.1,"(motion, ablehn)"
0.1,"(fuhrungsmodell, bund)"
0.1,"(entsprech, vorstoss)"
0.1,"(kanton, jura)"
0.1,"(stark, gebund)"
0.1,"(ressourcenschwach, kanton)"
0.1,"(voraussetz, erfullt)"
0.1,"(deutschland, osterreich)"
0.1,"(systemrelevant, bank)"
0.1,"(potenziell, gewaltextremist)"
0.1,"(freihand, verfahr)"
0.1,"(zusatz, stell)"
0.1,"(genf, fluchtlingskonvention)"
0.1,"(hoh, kapazitat)"
0.1,"(basel, iii)"
0.1,"(vorlauf, aufgenomm)"
0.1,"(asyl, bekomm)"
0.1,"(dat, austausch)"
0.1,"(bekampf, radikalisier)"
0.1,"(guterabwag, vorzunehm)"
0.1,"(umfahr, oberburg)"
0.1,"(glaub, einfach)"
0.1,"(sag, schweiz)"
0.1,"(bericht, eidgenoss)"
0.1,"(baulich, massnahm)"
0.1,"(ausland, unternehm)"
0.1,"(kommissionsmehr, unterstutz)"
0.1,"(schweiz, schweiz)"
0.1,"(kurzung, vornehm)"
0.1,"(bitt, einfach)"
0.1,"(stadt, zurich)"
0.1,"(extern, dienstleist)"
0.1,"(nachtragskredit, million)"
0.1,"(entsprech, vorschlag)"
0.1,"(ladevorricht, hoh)"
0.1,"(ueli, maur)"
0.1,"(postulat, verlangt)"
0.1,"(vernunft, losung)"
0.1,"(stabil, entscheid)"
0.1,"(kanton, entsprech)"
0.1,"(auftrag, geb)"
0.1,"(organisiert, kriminalitat)"
0.1,"(bitt, kommission)"
0.1,"(vorstoss, abzulehn)"
0.1,"(sag, okay)"
0.2,"(religios, gemeinschaft)"
0.2,"(kommission, unterstutz)"
0.2,"(international, geldfluss)"
0.2,"(elt, sorg)"
0.2,"(gemeinwirtschaft, leistung)"
0.2,"(massnahm, treff)"
0.2,"(europa, richtlini)"
0.2,"(jeanfrançois, steiert)"
0.2,"(letzt, satz)"
0.2,"(individuell, verfolgt)"
0.2,"(histor, schiess)"
0.2,"(abstand, nehm)"
0.2,"(motion, fourni)"
0.2,"(bundesnah, betrieb)"
0.2,"(meinung, mind)"
0.2,"(strukturell, reform)"
0.2,"(rytz, regula)"
0.2,"(verantwort, ubernehm)"
0.2,"(geseh, bitt)"
0.2,"(aufgab, kanton)"
0.2,"(hoh, lohn)"
0.2,"(anerkannt, fluchtling)"
0.2,"(didi, burkhalt)"
0.2,"(ausserhalb, schiessstand)"
0.2,"(feldschiess, ausserhalb)"
0.2,"(denk, anbetracht)"
0.2,"(denk, vernunft)"
0.2,"(einkomm, entlast)"
0.2,"(partizipativ, okonomi)"
0.2,"(risikobasiert, kontrolli)"
0.2,"(ubergangsbestimm, verantwortlichkeitsgesetz)"
0.2,"(vorab, festzustell)"
0.2,"(zehnjahr, eidgenoss)"
0.2,"(zusammengefasst, denk)"
0.2,"(entsprech, unterbreit)"
0.2,"(vorab, festzuhalt)"
0.2,"(verlangsam, wachstum)"
0.2,"(fahn, bitt)"
0.2,"(informationsaustausch, spontan)"
0.2,"(selbstanzeig, besteht)"
0.2,"(wichtig, konkurrenzplatz)"
0.2,"(austausch, entsprech)"
0.2,"(digital, leistung)"
0.2,"(gunstig, steu)"
0.2,"(inland, vergeb)"
0.2,"(definitiv, botschaft)"
0.2,"(oak, bv)"
0.2,"(dat, jurist)"
0.2,"(pro, packung)"
0.2,"(grundlag, schaff)"
0.2,"(mind, aeschi)"
0.2,"(bandenmass, kriminalitat)"
0.2,"(militar, nachrichtendien)"
0.2,"(de, facto)"
0.2,"(plus, milliard)"
0.2,"(fishing, expedition)"
0.2,"(saf, countri)"
0.2,"(grundsatz, leb)"
0.2,"(transformationsprogramm, dazit)"
0.2,"(mind, mey)"
0.2,"(beseit, heiratsstraf)"
0.2,"(schwer, korperverletz)"
0.2,"(one, one)"
0.2,"(one, out)"
0.2,"(risikobasiert, kontroll)"
0.2,"(ausgab, million)"
0.2,"(finanzkommission, antrag)"
0.2,"(hoflich, form)"
0.2,"(offent, sektor)"
0.2,"(weich, faktor)"
0.2,"(bisher, praxis)"
0.2,"(weiterentwickl, arme)"
0.2,"(national, aktionsplan)"
0.2,"(mind, kell)"
0.2,"(gemeint, gegenteil)"
0.2,"(zanetti, roberto)"
0.2,"(entsprech, bitt)"
0.2,"(roberto, schmidt)"
0.2,"(bundeseig, betrieb)"
0.2,"(entsprech, problem)"
0.2,"(verschied, punkt)"
0.2,"(swiss, finish)"
0.2,"(dynam, betracht)"
0.2,"(eidgenoss, finanzverwalt)"
0.2,"(technisch, zinssatz)"
0.2,"(international, finanzplatz)"
0.2,"(provisor, buro)"
0.2,"(thomas, folg)"
0.2,"(demokrat, legitimiert)"
0.2,"(ausgab, asylbereich)"
0.2,"(minderheitsantrag, birrerheimo)"
0.2,"(mind, schwand)"
0.2,"(administrativ, belast)"
0.2,"(leut, verwalt)"
0.3,"(europa, land)"
0.3,"(finanzhilf, konsumentenorganisation)"
0.3,"(hansjorg, walt)"
0.3,"(frag, betreff)"
0.3,"(milliard, milliard)"
0.3,"(arbeit, ausbildungsplatz)"
0.3,"(international, konform)"
0.3,"(einfluss, nehm)"
0.3,"(regeln, budgetier)"
0.3,"(ausland, anbiet)"
0.3,"(schlag, million)"
0.3,"(vollkomm, absurd)"
0.3,"(thurgau, regier)"
0.3,"(sag, leut)"
0.3,"(leistung, erbracht)"
0.3,"(setz, entsprech)"
0.3,"(global, umweltfond)"
0.3,"(analog, telefonanschluss)"
0.3,"(stadt, bern)"
0.3,"(ebenfall, vorlag)"
0.3,"(wahrschein, fast)"
0.3,"(lauf, letzt)"
0.3,"(vereinigt, konigreich)"
0.3,"(gegenseit, anerkenn)"
0.3,"(zugun, grenzwachtkorps)"
0.3,"(nehm, motion)"
0.3,"(nochmal, aufzustock)"
0.3,"(frank, voranschlag)"
0.3,"(kantonal, jagdpruf)"
0.3,"(schwach, euro)"
0.3,"(problem, geb)"
0.3,"(wohnbautrag, erstellt)"
0.3,"(schuldenbrems, einhalt)"
0.3,"(leut, entsprech)"
0.3,"(sag, million)"
0.3,"(kanton, waadt)"
0.3,"(geb, nehmerkanton)"
0.3,"(abzug, eigenfinanzier)"
0.3,"(fremd, richt)"
0.3,"(standesinitiativ, luz)"
0.3,"(illegal, zuwander)"
0.3,"(hochstzahl, kontingent)"
0.3,"(hunderttaus, frank)"
0.3,"(stell, einspar)"
0.3,"(frank, insbesond)"
0.3,"(verschied, kultur)"
0.3,"(vollig, falsch)"
0.3,"(unternehm, schweiz)"
0.3,"(geschatzt, kolleginn)"
0.3,"(illegal, migrant)"
0.3,"(lebenslang, tatigkeitsverbot)"
0.3,"(schuldenbrems, eingehalt)"
0.3,"(einfuhr, schuldenbrems)"
0.3,"(standesinitiativ, kanton)"
0.3,"(prasident, schweizer)"
0.3,"(leut, land)"
0.3,"(einfuhr, voll)"
0.3,"(landesverweis, ausgesproch)"
0.3,"(vollstand, einzonungsstopp)"
0.3,"(uberdurchschnitt, gewachs)"
0.3,"(relativ, hoh)"
0.3,"(eu, europa)"
0.3,"(finanziell, privatsphar)"
0.3,"(burokrat, aufwand)"
0.3,"(goldbach, media)"
0.3,"(praktisch, schwierig)"
0.3,"(vorgab, richtplan)"
0.3,"(gebund, ausgab)"
0.3,"(joint, ventur)"
0.3,"(geschaft, tatig)"
0.3,"(zwingend, volkerrecht)"
0.3,"(verhaltnis, bund)"
0.3,"(soft, law)"
0.4,"(nichtzwing, volkerrecht)"
0.4,"(entsprech, berucksicht)"
0.4,"(schweiz, steuert)"
0.4,"(spiel, setz)"
0.4,"(leut, schweiz)"
0.4,"(person, wohnsitz)"
0.4,"(schweiz, steuergeld)"
0.4,"(kost, steuerzahl)"
0.4,"(masslos, zuwander)"
0.4,"(burg, staat)"
0.4,"(zuwander, eigenstand)"
0.4,"(abschaff, heiratsstraf)"
0.4,"(direkt, gegenentwurf)"
0.4,"(offent, verkehrsmittel)"
0.4,"(strukturell, defizit)"
0.4,"(nichtumsetz, masseneinwanderungsinitiativ)"
0.5,"(frank, betrag)"
0.5,"(geehrt, herr)"
0.5,"(saub, trinkwass)"
0.5,"(staat, burg)"
0.5,"(eigenstand, steu)"
0.5,"(eigenstand, steuer)"
0.5,"(land, leut)"
0.5,"(falsch, ansatz)"
0.5,"(steuer, zuwander)"
0.6,"(leb, bedroht)"
0.8,"(sicherheitspolit, kommission)"
1.1,"(dan, le)"
