,Phrase,Counts
0,"('bitt', 'parlamentar', 'initiativ', 'folg', 'geb')",194
1,"('too', 'big', 'to', 'fail', 'vorlag')",170
2,"('rund', 'million', 'frank', 'pro', 'jahr')",158
3,"('liegt', 'schriftlich', 'bericht', 'kommission', 'beantragt')",152
4,"('stimm', 'enthalt', 'initiativ', 'folg', 'geb')",139
5,"('schriftlich', 'bericht', 'kommission', 'erhalt', 'kommission')",116
6,"('bericht', 'kommission', 'erhalt', 'kommission', 'beantragt')",112
7,"('bundesrat', 'beantragt', 'ebenfall', 'annahm', 'motion')",111
8,"('schriftlich', 'bericht', 'kommission', 'kommission', 'beantragt')",105
9,"('kommission', 'beantragt', 'stimm', 'enthalt', 'motion')",103
10,"('liegt', 'schriftlich', 'bericht', 'kommission', 'kommission')",100
11,"('bundesgesetz', 'massnahm', 'wahrung', 'inn', 'sich')",96
12,"('too', 'big', 'to', 'fail', 'problemat')",92
13,"('stimm', 'enthalt', 'parlamentar', 'initiativ', 'folg')",87
14,"('stimm', 'parlamentar', 'initiativ', 'folg', 'geb')",86
15,"('schriftlich', 'bericht', 'kommission', 'beantragt', 'einstimm')",86
16,"('motion', 'anzunehm', 'bundesrat', 'beantragt', 'ebenfall')",85
17,"('anzunehm', 'bundesrat', 'beantragt', 'ebenfall', 'annahm')",84
18,"('enthalt', 'parlamentar', 'initiativ', 'folg', 'geb')",83
19,"('kommission', 'beantragt', 'einstimm', 'motion', 'anzunehm')",82
20,"('schriftlich', 'antwort', 'bundesrat', 'befriedigt', 'diskussion')",82
21,"('interpellant', 'schriftlich', 'antwort', 'bundesrat', 'befriedigt')",80
22,"('beantragt', 'stimm', 'enthalt', 'initiativ', 'folg')",79
23,"('konferenz', 'kantonal', 'justiz', 'polizeidirektorinn', 'direktor')",78
24,"('antwort', 'bundesrat', 'befriedigt', 'diskussion', 'beantragt')",74
25,"('eidgenoss', 'buro', 'gleichstell', 'frau', 'mann')",72
26,"('etwa', 'million', 'frank', 'pro', 'jahr')",71
27,"('wurd', 'kommission', 'stimm', 'enthalt', 'abgelehnt')",70
28,"('beantragt', 'stimm', 'initiativ', 'folg', 'geb')",70
29,"('harmonisier', 'direkt', 'steu', 'kanton', 'gemeind')",64
30,"('kommission', 'beantragt', 'stimm', 'enthalt', 'initiativ')",61
31,"('artikel', 'absatz', 'artikel', 'absatz', 'artikel')",60
32,"('bundesgesetz', 'harmonisier', 'direkt', 'steu', 'kanton')",59
33,"('neugestalt', 'finanzausgleich', 'aufgabenteil', 'bund', 'kanton')",59
34,"('bundesgesetz', 'betreff', 'uberwach', 'post', 'fernmeldeverkehr')",57
35,"('million', 'frank', 'jahr', 'million', 'frank')",57
36,"('deshalb', 'parlamentar', 'initiativ', 'folg', 'geb')",56
37,"('rund', 'milliard', 'frank', 'pro', 'jahr')",56
38,"('beantragt', 'parlamentar', 'initiativ', 'folg', 'geb')",55
39,"('frag', 'interpellant', 'schriftlich', 'antwort', 'bundesrat')",55
40,"('bundesrat', 'beantragt', 'ebenfall', 'ablehn', 'motion')",55
41,"('beantragt', 'stimm', 'enthalt', 'parlamentar', 'initiativ')",54
42,"('abzulehn', 'bundesrat', 'beantragt', 'ebenfall', 'ablehn')",53
43,"('beantragt', 'stimm', 'enthalt', 'motion', 'anzunehm')",52
44,"('beantragt', 'einstimm', 'motion', 'anzunehm', 'bundesrat')",52
45,"('motion', 'abzulehn', 'bundesrat', 'beantragt', 'ebenfall')",52
46,"('beantragt', 'stimm', 'enthalt', 'motion', 'abzulehn')",52
47,"('initiativ', 'erst', 'phas', 'folg', 'geb')",51
48,"('bitt', 'mehrheit', 'folg', 'antrag', 'mind')",51
49,"('einstimm', 'motion', 'anzunehm', 'bundesrat', 'beantragt')",51
50,"('kommission', 'beantragt', 'stimm', 'initiativ', 'folg')",50
51,"('mehrheit', 'folg', 'antrag', 'mind', 'abzulehn')",50
52,"('too', 'big', 'to', 'fail', 'gesetzgeb')",50
53,"('kommission', 'parlamentar', 'initiativ', 'folg', 'geb')",48
54,"('kommission', 'erhalt', 'kommission', 'beantragt', 'einstimm')",48
55,"('gewahlt', 'erklart', 'beschluss', 'amtsblatt', 'kanton')",47
56,"('absatz', 'artikel', 'absatz', 'artikel', 'absatz')",47
57,"('eig', 'vier', 'wand', 'dank', 'bauspar')",47
58,"('antrag', 'wurd', 'kommission', 'stimm', 'abgelehnt')",43
59,"('bitt', 'antrag', 'mind', 'i', 'zuzustimm')",43
60,"('padophil', 'soll', 'mehr', 'kind', 'arbeit')",43
61,"('soll', 'mehr', 'kind', 'arbeit', 'durf')",43
62,"('bitt', 'antrag', 'mind', 'ii', 'abzulehn')",42
63,"('antwort', 'bundesrat', 'teilweis', 'befriedigt', 'beantragt')",42
64,"('bitt', 'deshalb', 'antrag', 'mind', 'zuzustimm')",42
65,"('mandat', 'festgestellt', 'artikel', 'bundesverfass', 'artikel')",42
66,"('festgestellt', 'artikel', 'bundesverfass', 'artikel', 'parlamentsgesetz')",42
67,"('artikel', 'bundesverfass', 'artikel', 'parlamentsgesetz', 'parlamentar')",42
68,"('bundesverfass', 'artikel', 'parlamentsgesetz', 'parlamentar', 'mandat')",42
69,"('artikel', 'parlamentsgesetz', 'parlamentar', 'mandat', 'unvereinbar')",42
70,"('parlamentsgesetz', 'parlamentar', 'mandat', 'unvereinbar', 'war')",42
71,"('kommission', 'beantragt', 'einstimm', 'vorlag', 'einzutret')",41
72,"('bitt', 'deshalb', 'parlamentar', 'initiativ', 'folg')",41
73,"('kommission', 'beantragt', 'einstimm', 'annahm', 'motion')",41
74,"('mehrheit', 'kommission', 'entscheid', 'fiel', 'stimm')",41
75,"('antrag', 'mind', 'i', 'artikel', 'absatz')",40
76,"('kommission', 'beantragt', 'einstimm', 'motion', 'abzulehn')",40
77,"('bericht', 'kommission', 'kommission', 'beantragt', 'einstimm')",40
78,"('anwes', 'vereinigt', 'bundesversamml', 'somit', 'verhandl')",39
79,"('vereinigt', 'bundesversamml', 'somit', 'verhandl', 'beschlussfah')",39
80,"('bitt', 'antrag', 'mind', 'ii', 'zuzustimm')",39
81,"('initiativ', 'volk', 'stand', 'ablehn', 'empfehl')",39
82,"('bundesgesetz', 'genet', 'untersuch', 'beim', 'mensch')",39
83,"('interpellantin', 'schriftlich', 'antwort', 'bundesrat', 'befriedigt')",39
84,"('national', 'strategi', 'schutz', 'schweiz', 'cyberris')",39
85,"('buro', 'mandat', 'festgestellt', 'artikel', 'bundesverfass')",39
86,"('bundesrat', 'beantragt', 'motion', 'postulat', 'umzuwandeln')",38
87,"('artikel', 'absatz', 'artikel', 'absatz', 'buchstab')",38
88,"('konferenz', 'kantonal', 'direktor', 'offent', 'verkehr')",38
89,"('volksinitiativ', 'schluss', 'uferlos', 'bau', 'zweitwohn')",38
90,"('artikel', 'absatz', 'buchstab', 'a', 'ziff')",38
91,"('absolut', 'mehrheit', 'mitglied', 'standerat', 'nationalrat')",37
92,"('mehrheit', 'mitglied', 'standerat', 'nationalrat', 'anwes')",37
93,"('mitglied', 'standerat', 'nationalrat', 'anwes', 'vereinigt')",37
94,"('standerat', 'nationalrat', 'anwes', 'vereinigt', 'bundesversamml')",37
95,"('vorstoss', 'rahm', 'vorlag', 'begrundet', 'word')",37
96,"('gemass', 'artikel', 'absatz', 'buchstab', 'b')",37
97,"('artikel', 'absatz', 'buchstab', 'b', 'c')",37
98,"('frank', 'jahr', 'million', 'frank', 'jahr')",37
99,"('bitt', 'vorlag', 'einzutret', 'ruckweisungsantrag', 'abzulehn')",37
100,"('kommission', 'beantragt', 'stimm', 'parlamentar', 'initiativ')",37
101,"('nationalrat', 'anwes', 'vereinigt', 'bundesversamml', 'somit')",36
102,"('gesichert', 'ahv', 'energi', 'statt', 'arbeit')",36
103,"('ahv', 'energi', 'statt', 'arbeit', 'besteu')",36
104,"('gemass', 'artikel', 'absatz', 'buchstab', 'a')",36
105,"('kommission', 'sozial', 'sich', 'gesund', 'nationalrat')",36
106,"('artikel', 'absatz', 'sowi', 'artikel', 'absatz')",36
107,"('bitt', 'nam', 'kommission', 'vorlag', 'einzutret')",36
108,"('botschaft', 'forder', 'bildung', 'forschung', 'innovation')",36
109,"('bitt', 'beim', 'entwurf', 'bundesrat', 'bleib')",36
110,"('bitt', 'antrag', 'mind', 'i', 'abzulehn')",35
111,"('bericht', 'kommission', 'beantragt', 'einstimm', 'motion')",35
112,"('parlamentar', 'initiativ', 'erst', 'phas', 'folg')",35
113,"('beantragt', 'stimm', 'parlamentar', 'initiativ', 'folg')",35
114,"('volksinitiativ', 'padophil', 'soll', 'mehr', 'kind')",35
115,"('kommission', 'beantragt', 'stimm', 'enthalt', 'parlamentar')",34
116,"('bitt', 'mehrheit', 'folg', 'minderheitsantrag', 'abzulehn')",34
117,"('beantrag', 'parlamentar', 'initiativ', 'folg', 'geb')",33
118,"('wer', 'a', 'sagt', 'b', 'sag')",33
119,"('la', 'majorité', 'de', 'la', 'commission')",33
120,"('antrag', 'mind', 'leutenegg', 'oberholz', 'abzulehn')",32
121,"('departement', 'umwelt', 'verkehr', 'energi', 'kommunikation')",32
122,"('frag', 'interpellantin', 'schriftlich', 'antwort', 'bundesrat')",32
123,"('erhalt', 'kommission', 'beantragt', 'einstimm', 'motion')",32
124,"('bundesrat', 'beantragt', 'annahm', 'motion', 'nationalrat')",32
125,"('million', 'frank', 'nach', 'vier', 'jahr')",31
126,"('bitt', 'nam', 'mind', 'parlamentar', 'initiativ')",31
127,"('artikel', 'absatz', 'buchstab', 'a', 'b')",31
128,"('nam', 'bdpfraktion', 'beantrag', 'vorlag', 'einzutret')",31
129,"('genf', 'zentrum', 'demokrat', 'kontroll', 'streitkraft')",30
130,"('grun', 'fraktion', 'unterstutzt', 'antrag', 'mind')",30
131,"('zwei', 'drittel', 'kanton', 'drittel', 'bund')",30
132,"('antrag', 'wurd', 'kommission', 'stimm', 'enthalt')",30
133,"('too', 'big', 'to', 'fail', 'bank')",30
134,"('bitt', 'nam', 'spfraktion', 'antrag', 'mind')",29
135,"('parlamentar', 'initiativ', 'folg', 'geb', 'kommission')",29
136,"('la', 'proposition', 'de', 'la', 'minorité')",29
137,"('bericht', 'kommission', 'kommission', 'beantragt', 'stimm')",29
138,"('artikel', 'absatz', 'buchstab', 'd', 'ziff')",29
139,"('schriftlich', 'bericht', 'kommission', 'beantragt', 'stimm')",29
140,"('schriftlich', 'antwort', 'bundesrat', 'befriedigt', 'beantragt')",29
141,"('parlamentar', 'mandat', 'unvereinbar', 'war', 'buro')",29
142,"('folg', 'parlamentar', 'initiativ', 'folg', 'geb')",28
143,"('beantragt', 'einstimm', 'initiativ', 'folg', 'geb')",28
144,"('gemass', 'artikel', 'absatz', 'buchstab', 'd')",28
145,"('mitglied', 'beid', 'rat', 'reglementsgemass', 'heutig')",28
146,"('beid', 'rat', 'reglementsgemass', 'heutig', 'sitzung')",28
147,"('rat', 'reglementsgemass', 'heutig', 'sitzung', 'eingelad')",28
148,"('reglementsgemass', 'heutig', 'sitzung', 'eingelad', 'word')",28
149,"('kommission', 'kommission', 'beantragt', 'einstimm', 'motion')",28
150,"('kommission', 'antrag', 'stimm', 'enthalt', 'abgelehnt')",28
151,"('erhalt', 'kommission', 'beantragt', 'stimm', 'enthalt')",28
152,"('mind', 'parlamentar', 'initiativ', 'folg', 'geb')",28
153,"('kommission', 'erhalt', 'kommission', 'beantragt', 'stimm')",28
154,"('antrag', 'mind', 'ii', 'artikel', 'absatz')",28
155,"('bitt', 'antrag', 'mind', 'i', 'unterstutz')",27
156,"('botschaft', 'forder', 'bildung', 'forschung', 'technologi')",27
157,"('stell', 'fest', 'absolut', 'mehrheit', 'mitglied')",27
158,"('kommission', 'beantragt', 'einstimm', 'initiativ', 'folg')",27
159,"('antrag', 'wurd', 'stimm', 'enthalt', 'abgelehnt')",27
160,"('stimm', 'enthalt', 'standesinitiativ', 'folg', 'geb')",27
161,"('dah', 'parlamentar', 'initiativ', 'folg', 'geb')",27
162,"('lieb', 'spatz', 'hand', 'taub', 'dach')",27
163,"('fdpfraktion', 'teilt', 'antrag', 'mehrheit', 'unterstutzt')",27
164,"('schriftlich', 'antwort', 'bundesrat', 'teilweis', 'befriedigt')",27
165,"('fdpliberal', 'fraktion', 'unterstutzt', 'antrag', 'mehrheit')",27
166,"('kommission', 'beantragt', 'stimm', 'motion', 'abzulehn')",27
167,"('bas', 'erosion', 'and', 'profit', 'shifting')",27
168,"('einsatz', 'arme', 'unterstutz', 'zivil', 'behord')",27
169,"('bundesgesetz', 'erganzungsleist', 'alt', 'hinterlass', 'invalidenversicher')",26
170,"('artikel', 'absatz', 'buchstab', 'b', 'bundesverfass')",26
171,"('entwurf', 'bundesrat', 'bzw', 'beschluss', 'standerat')",26
172,"('bitt', 'deshalb', 'antrag', 'mind', 'i')",26
173,"('zwei', 'dritteln', 'kanton', 'drittel', 'bund')",26
174,"('bitt', 'antrag', 'mind', 'leutenegg', 'oberholz')",26
175,"('bitt', 'nam', 'svpfraktion', 'antrag', 'mind')",26
176,"('pro', 'jahr', 'rund', 'million', 'frank')",26
177,"('beschloss', 'parlamentar', 'initiativ', 'folg', 'geb')",26
178,"('kommissionsmehr', 'parlamentar', 'initiativ', 'folg', 'geb')",26
179,"('cvpfraktion', 'teilt', 'antrag', 'mehrheit', 'unterstutz')",26
180,"('antwort', 'bundesrat', 'befriedigt', 'beantragt', 'diskussion')",26
181,"('volksinitiativ', 'eig', 'vier', 'wand', 'dank')",26
182,"('artikel', 'absatz', 'buchstab', 'c', 'artikel')",26
183,"('gruppier', 'al', 'kaida', 'islam', 'staat')",26
184,"('nam', 'kommission', 'bitt', 'vorlag', 'einzutret')",25
185,"('deshalb', 'bitt', 'antrag', 'mind', 'zuzustimm')",25
186,"('abwehr', 'schwerwieg', 'bedroh', 'inn', 'sich')",25
187,"('genf', 'international', 'zentrum', 'humanitar', 'minenraum')",25
188,"('bitt', 'nam', 'svpfraktion', 'mehrheit', 'folg')",25
189,"('absatz', 'buchstab', 'd', 'ziff', 'bundesverfass')",25
190,"('annahm', 'motion', 'bundesrat', 'beantragt', 'ebenfall')",25
191,"('mandat', 'unvereinbar', 'war', 'buro', 'beantragt')",25
192,"('parlamentar', 'initiativ', 'sei', 'folg', 'geb')",24
193,"('bitt', 'antrag', 'mind', 'ii', 'unterstutz')",24
194,"('grund', 'beantragt', 'kommission', 'stimm', 'enthalt')",24
195,"('bitt', 'nam', 'kommissionsmehr', 'vorlag', 'einzutret')",24
196,"('kommission', 'beantragt', 'stimm', 'enthalt', 'vorlag')",24
197,"('bitt', 'deshalb', 'antrag', 'mind', 'ii')",24
198,"('cvpfraktion', 'teilt', 'antrag', 'mehrheit', 'unterstutzt')",24
199,"('kommission', 'beantragt', 'initiativ', 'folg', 'geb')",24
200,"('etwa', 'milliard', 'frank', 'pro', 'jahr')",24
201,"('antrag', 'mind', 'i', 'ii', 'abzulehn')",24
202,"('parlamentar', 'initiativ', 'folg', 'geb', 'mind')",24
203,"('grossenordn', 'million', 'frank', 'pro', 'jahr')",24
204,"('erheb', 'verstorb', 'moment', 'schweig', 'gedenk')",24
205,"('bundesgesetz', 'zustand', 'bereich', 'zivil', 'nachrichtendien')",24
206,"('million', 'frank', 'rund', 'million', 'frank')",24
207,"('forder', 'bildung', 'forschung', 'innovation', 'jahr')",24
208,"('entsprech', 'antrag', 'wurd', 'kommission', 'stimm')",24
209,"('unvereinbar', 'nationalratsmandat', 'besteht', 'buro', 'beantragt')",23
210,"('bitt', 'vorlag', 'einzutret', 'antrag', 'kommission')",23
211,"('forder', 'bildung', 'forschung', 'technologi', 'jahr')",23
212,"('fest', 'absolut', 'mehrheit', 'mitglied', 'standerat')",23
213,"('beantragt', 'stimm', 'enthalt', 'vorlag', 'einzutret')",23
214,"('petition', 'kenntnis', 'nehm', 'folg', 'geb')",23
215,"('million', 'frank', 'pro', 'jahr', 'betrag')",23
216,"('bitt', 'nam', 'spfraktion', 'vorlag', 'einzutret')",23
217,"('schweizer', 'konferenz', 'kantonal', 'gesundheitsdirektorinn', 'direktor')",23
218,"('artikel', 'absatz', 'buchstab', 'b', 'artikel')",23
219,"('svpfraktion', 'teil', 'antrag', 'mehrheit', 'unterstutz')",23
220,"('kommission', 'beantragt', 'stimm', 'motion', 'anzunehm')",23
221,"('kommission', 'entscheid', 'fiel', 'stimm', 'enthalt')",23
222,"('nam', 'fdpliberal', 'fraktion', 'bitt', 'vorlag')",23
223,"('nam', 'fdpliberal', 'fraktion', 'vorlag', 'einzutret')",23
224,"('antrag', 'mind', 'aeschi', 'thomas', 'abzulehn')",23
225,"('verbot', 'gruppier', 'al', 'kaida', 'islam')",23
226,"('unvereinbar', 'war', 'buro', 'beantragt', 'wahl')",23
227,"('antrag', 'mehrheit', 'zuzustimm', 'antrag', 'mind')",22
228,"('bundesrat', 'bereit', 'motion', 'postulat', 'entgegenzunehm')",22
229,"('artikel', 'absatz', 'artikel', 'absatz', 'geht')",22
230,"('heutig', 'sitzung', 'eingelad', 'word', 'tagesordn')",22
231,"('durchschnitt', 'million', 'frank', 'pro', 'jahr')",22
232,"('eidgenoss', 'departement', 'umwelt', 'verkehr', 'energi')",22
233,"('grun', 'fraktion', 'teilt', 'antrag', 'mind')",22
234,"('bereit', 'beim', 'eintret', 'darauf', 'hingewies')",22
235,"('angenomm', 'liegt', 'schriftlich', 'bericht', 'kommission')",22
236,"('million', 'frank', 'pro', 'jahr', 'mehr')",22
237,"('bitt', 'deshalb', 'mehrheit', 'kommission', 'folg')",22
238,"('kommission', 'erhalt', 'kommission', 'beantragt', 'gegenstimm')",22
239,"('fdpliberal', 'fraktion', 'bitt', 'vorlag', 'einzutret')",22
240,"('sexuell', 'unversehrt', 'kind', 'abhang', 'person')",22
241,"('million', 'frank', 'ertrag', 'million', 'frank')",22
242,"('million', 'frank', 'beim', 'sach', 'betriebsaufwand')",22
243,"('frist', 'ausarbeit', 'vorlag', 'sinn', 'parlamentar')",21
244,"('ausarbeit', 'vorlag', 'sinn', 'parlamentar', 'initiativ')",21
245,"('volksinitiativ', 'gesichert', 'ahv', 'energi', 'statt')",21
246,"('deshalb', 'bitt', 'nam', 'grun', 'fraktion')",21
247,"('bitt', 'dah', 'nam', 'grun', 'fraktion')",21
248,"('bitt', 'dah', 'parlamentar', 'initiativ', 'folg')",21
249,"('jahr', 'million', 'frank', 'pro', 'jahr')",21
250,"('hor', 'wohl', 'allein', 'fehlt', 'glaub')",21
251,"('bundesrat', 'teilweis', 'befriedigt', 'beantragt', 'diskussion')",21
252,"('mehr', 'milliard', 'frank', 'pro', 'jahr')",21
253,"('massnahm', 'zivil', 'friedensforder', 'starkung', 'menschenrecht')",21
254,"('dan', 'le', 'domain', 'de', 'la')",21
255,"('million', 'frank', 'pro', 'jahr', 'kost')",21
256,"('bericht', 'kommission', 'beantragt', 'einstimm', 'annahm')",21
257,"('motion', 'bundesrat', 'beantragt', 'ebenfall', 'annahm')",21
258,"('kommission', 'beantragt', 'gegenstimm', 'motion', 'abzulehn')",21
259,"('artikel', 'absatz', 'buchstab', 'b', 'geht')",21
260,"('kommission', 'beantragt', 'deshalb', 'stimm', 'enthalt')",21
261,"('nam', 'mind', 'parlamentar', 'initiativ', 'folg')",21
262,"('mehrheit', 'kommission', 'folg', 'antrag', 'mind')",21
263,"('zusammenhang', 'too', 'big', 'to', 'fail')",21
264,"('rahm', 'too', 'big', 'to', 'fail')",21
265,"('nam', 'einstimm', 'kommission', 'vorlag', 'einzutret')",21
266,"('too', 'big', 'to', 'fail', 'probl')",21
267,"('massnahm', 'forder', 'fried', 'menschlich', 'sich')",21
268,"('minderheitsantrag', 'artikel', 'absatz', 'artikel', 'absatz')",21
269,"('bitt', 'deshalb', 'initiativ', 'ablehn', 'empfehl')",21
270,"('al', 'kaida', 'islam', 'staat', 'sowi')",21
271,"('islam', 'staat', 'sowi', 'verwandt', 'organisation')",21
272,"('sozialhilf', 'asylsuch', 'vorlauf', 'aufgenomm', 'fluchtling')",21
273,"('veroffentlicht', 'word', 'buro', 'festgestellt', 'herrn')",20
274,"('bitt', 'deshalb', 'antrag', 'mehrheit', 'zuzustimm')",20
275,"('mehrheit', 'zuzustimm', 'antrag', 'mind', 'abzulehn')",20
276,"('million', 'frank', 'pro', 'jahr', 'million')",20
277,"('frank', 'pro', 'jahr', 'million', 'frank')",20
278,"('schwerwieg', 'bedroh', 'inn', 'sich', 'bewalt')",20
279,"('bedroh', 'inn', 'sich', 'bewalt', 'ausserordent')",20
280,"('inn', 'sich', 'bewalt', 'ausserordent', 'lag')",20
281,"('befriedigt', 'beantragt', 'kurz', 'diskussion', 'einverstand')",20
282,"('million', 'frank', 'bund', 'million', 'frank')",20
283,"('bitt', 'nam', 'svpfraktion', 'vorlag', 'einzutret')",20
284,"('gemass', 'artikel', 'absatz', 'buchstab', 'c')",20
285,"('bitt', 'antrag', 'mehrheit', 'kommission', 'zuzustimm')",20
286,"('hundert', 'million', 'frank', 'pro', 'jahr')",20
287,"('schriftlich', 'bericht', 'erhalt', 'kommission', 'beantragt')",20
288,"('eingereicht', 'parlamentar', 'initiativ', 'vorgepruft', 'initiativ')",20
289,"('mocht', 'famili', 'herz', 'tief', 'beileid')",20
290,"('famili', 'herz', 'tief', 'beileid', 'aussprech')",20
291,"('tribun', 'erheb', 'verstorb', 'moment', 'schweig')",20
292,"('bundesbeschluss', 'finanziell', 'mittel', 'landwirtschaft', 'jahr')",20
293,"('kaida', 'islam', 'staat', 'sowi', 'verwandt')",20
294,"('antrag', 'mind', 'i', 'mind', 'ii')",19
295,"('eidgenoss', 'forschungsanstalt', 'wald', 'schnee', 'landschaft')",19
296,"('bitt', 'mehrheit', 'zuzustimm', 'antrag', 'mind')",19
297,"('word', 'stell', 'fest', 'absolut', 'mehrheit')",19
298,"('uberpruf', 'system', 'inn', 'sich', 'schweiz')",19
299,"('drittel', 'bund', 'zwei', 'dritteln', 'kanton')",19
300,"('beid', 'parlamentar', 'initiativ', 'folg', 'geb')",19
301,"('schutz', 'person', 'besond', 'schutzwurd', 'sach')",19
302,"('enthalt', 'der', 'umsetz', 'erlass', 'bundesgesetz')",19
303,"('teilweis', 'befriedigt', 'beantragt', 'diskussion', 'einverstand')",19
304,"('bundesinventar', 'landschaft', 'naturdenkmal', 'national', 'bedeut')",19
305,"('kommission', 'kommission', 'beantragt', 'stimm', 'enthalt')",19
306,"('richtlini', 'schweizer', 'akademi', 'medizin', 'wissenschaft')",19
307,"('maximal', 'million', 'frank', 'pro', 'jahr')",19
308,"('fdpfraktion', 'cvpfraktion', 'teil', 'antrag', 'mehrheit')",19
309,"('schriftlich', 'bericht', 'kommission', 'beantragt', 'gegenstimm')",19
310,"('artikel', 'absatz', 'bundesgesetz', 'direkt', 'bundessteu')",19
311,"('artikel', 'absatz', 'buchstab', 'b', 'ziff')",19
312,"('artikel', 'absatz', 'buchstab', 'a', 'bundesverfass')",19
313,"('forder', 'hochschul', 'koordination', 'schweizer', 'hochschulbereich')",19
314,"('artikel', 'absatz', 'verordn', 'bundesversamml', 'redaktionskommission')",19
315,"('vertreterin', 'vertret', 'redaktionskommission', 'schlussabstimm', 'erlaut')",19
316,"('stimm', 'enthalt', 'motion', 'abzulehn', 'bundesrat')",19
317,"('mehrheit', 'kommission', 'initiativ', 'folg', 'geb')",19
318,"('mehrheit', 'folg', 'antrag', 'mind', 'i')",19
319,"('unrechtmass', 'erworb', 'vermogenswert', 'polit', 'exponiert')",19
320,"('erworb', 'vermogenswert', 'polit', 'exponiert', 'person')",19
321,"('empfiehlt', 'stimm', 'enthalt', 'antrag', 'mind')",19
322,"('stimm', 'enthalt', 'angenomm', 'bundesrat', 'beantragt')",19
323,"('angenomm', 'bundesrat', 'beantragt', 'ablehn', 'motion')",19
324,"('besuch', 'tribun', 'erheb', 'verstorb', 'moment')",19
325,"('betrag', 'million', 'frank', 'million', 'frank')",19
326,"('unversehrt', 'kind', 'abhang', 'person', 'beeintrachtigt')",19
327,"('kommission', 'wissenschaft', 'bildung', 'kultur', 'nationalrat')",19
328,"('en', 'connaissanc', 'de', 'caus', 'entscheid')",18
329,"('bitt', 'antrag', 'mehrheit', 'kommission', 'folg')",18
330,"('artikel', 'absatz', 'bundesgesetz', 'polit', 'recht')",18
331,"('bestimm', 'enthalt', 'der', 'umsetz', 'erlass')",18
332,"('bundesgesetz', 'erwerb', 'grundstuck', 'person', 'ausland')",18
333,"('mehr', 'million', 'frank', 'pro', 'jahr')",18
334,"('nach', 'vier', 'jahr', 'million', 'frank')",18
335,"('direkt', 'steu', 'bund', 'kanton', 'gemeind')",18
336,"('artikel', 'absatz', 'buchstab', 'c', 'geht')",18
337,"('bitt', 'nam', 'kommission', 'mehrheit', 'folg')",18
338,"('vorlieg', 'parlamentar', 'initiativ', 'folg', 'geb')",18
339,"('absatz', 'buchstab', 'b', 'artikel', 'absatz')",18
340,"('direkt', 'bundessteu', 'bundesgesetz', 'harmonisier', 'direkt')",18
341,"('bundessteu', 'bundesgesetz', 'harmonisier', 'direkt', 'steu')",18
342,"('cvpfraktion', 'teil', 'antrag', 'mehrheit', 'unterstutz')",18
343,"('beantragt', 'kommission', 'stimm', 'enthalt', 'motion')",18
344,"('bundesrat', 'teilweis', 'befriedigt', 'beantragt', 'kurz')",18
345,"('teilweis', 'befriedigt', 'beantragt', 'kurz', 'diskussion')",18
346,"('kommission', 'stimm', 'enthalt', 'parlamentar', 'initiativ')",18
347,"('ungefahr', 'million', 'frank', 'pro', 'jahr')",18
348,"('antrag', 'mehrheit', 'antrag', 'mind', 'i')",18
349,"('bitt', 'deshalb', 'nam', 'grun', 'fraktion')",18
350,"('stimm', 'enthalt', 'motion', 'anzunehm', 'bundesrat')",18
351,"('deshalb', 'bitt', 'mehrheit', 'kommission', 'folg')",18
352,"('mehrheit', 'kommission', 'folg', 'vorlag', 'einzutret')",18
353,"('bitt', 'deshalb', 'antrag', 'mind', 'abzulehn')",18
354,"('erheb', 'textander', 'rat', 'vertreterin', 'vertret')",18
355,"('textander', 'rat', 'vertreterin', 'vertret', 'redaktionskommission')",18
356,"('jagd', 'schutz', 'wildleb', 'saugeti', 'vogel')",18
357,"('herz', 'tief', 'beileid', 'aussprech', 'bitt')",18
358,"('artikel', 'absatz', 'verordn', 'bundesversamml', 'oktob')",18
359,"('absatz', 'verordn', 'bundesversamml', 'oktob', 'redaktionskommission')",18
360,"('frau', 'bundesratin', 'viel', 'dank', 'ausfuhr')",18
361,"('lehn', 'antrag', 'mind', 'i', 'ab')",18
362,"('bundesgesetz', 'verbot', 'gruppier', 'al', 'kaida')",18
363,"('eidgenoss', 'buros', 'gleichstell', 'frau', 'mann')",18
364,"('erhalt', 'natur', 'lebensgrundlag', 'pfleg', 'kulturlandschaft')",17
365,"('million', 'frank', 'million', 'frank', 'million')",17
366,"('frank', 'million', 'frank', 'million', 'frank')",17
367,"('beantragt', 'stimm', 'enthalt', 'standesinitiativ', 'folg')",17
368,"('bundesgesetz', 'international', 'entwicklungszusammenarbeit', 'humanitar', 'hilf')",17
369,"('parlamentar', 'initiativ', 'teusch', 'folg', 'geb')",17
370,"('mocht', 'bitt', 'antrag', 'mehrheit', 'zuzustimm')",17
371,"('million', 'frank', 'pro', 'jahr', 'verfug')",17
372,"('botschaft', 'hor', 'wohl', 'allein', 'fehlt')",17
373,"('bitt', 'artikel', 'absatz', 'mehrheit', 'folg')",17
374,"('achtung', 'menschenrecht', 'forder', 'demokrati', 'friedlich')",17
375,"('menschenrecht', 'forder', 'demokrati', 'friedlich', 'zusammenleb')",17
376,"('forder', 'demokrati', 'friedlich', 'zusammenleb', 'volk')",17
377,"('friedlich', 'zusammenleb', 'volk', 'sowi', 'erhalt')",17
378,"('zusammenleb', 'volk', 'sowi', 'erhalt', 'natur')",17
379,"('volk', 'sowi', 'erhalt', 'natur', 'lebensgrundlag')",17
380,"('million', 'frank', 'million', 'frank', 'mehr')",17
381,"('frank', 'bund', 'million', 'frank', 'kanton')",17
382,"('bundesgesetz', 'beruf', 'alt', 'hinterlass', 'invalidenvorsorg')",17
383,"('jahr', 'million', 'frank', 'jahr', 'million')",17
384,"('umfang', 'million', 'frank', 'pro', 'jahr')",17
385,"('fdpfraktion', 'teil', 'antrag', 'mehrheit', 'unterstutz')",17
386,"('bundesgesetz', 'direkt', 'bundessteu', 'bundesgesetz', 'harmonisier')",17
387,"('kommission', 'beantragt', 'stimm', 'enthalt', 'annahm')",17
388,"('mocht', 'bitt', 'mehrheit', 'kommission', 'folg')",17
389,"('anspruch', 'gleich', 'lohn', 'gleichwert', 'arbeit')",17
390,"('interpellant', 'schriftlich', 'antwort', 'bundesrat', 'teilweis')",17
391,"('der', 'umsetz', 'erlass', 'bundesgesetz', 'erfordert')",17
392,"('weshalb', 'bundesrat', 'motion', 'ablehn', 'empfiehlt')",17
393,"('bundesrat', 'befriedigt', 'beantragt', 'diskussion', 'einverstand')",17
394,"('nachruf', 'beginn', 'gedenk', 'heut', 'ehemal')",17
395,"('mehrheit', 'kommission', 'parlamentar', 'initiativ', 'folg')",17
396,"('kommission', 'stimm', 'enthalt', 'initiativ', 'folg')",17
397,"('mocht', 'einfach', 'nochmal', 'darauf', 'hinweis')",17
398,"('antrag', 'mehrheit', 'folg', 'antrag', 'mind')",17
399,"('beschluss', 'standerat', 'bzw', 'entwurf', 'bundesrat')",17
400,"('weshalb', 'bundesrat', 'beantragt', 'motion', 'abzulehn')",17
401,"('initiativ', 'eig', 'vier', 'wand', 'dank')",17
402,"('enthalt', 'motion', 'abzulehn', 'bundesrat', 'beantragt')",17
403,"('parlamentar', 'initiativ', 'vorgepruft', 'initiativ', 'verlangt')",17
404,"('erhoh', 'mittel', 'finanzier', 'offent', 'entwicklungshilf')",17
405,"('kommission', 'sozial', 'sich', 'gesund', 'sitzung')",17
406,"('best', 'dank', 'frag', 'herr', 'nationalrat')",17
407,"('frau', 'bundesratin', 'best', 'dank', 'antwort')",17
408,"('schutz', 'kind', 'sexuell', 'ausbeut', 'sexuell')",17
409,"('kind', 'sexuell', 'ausbeut', 'sexuell', 'missbrauch')",17
410,"('zivil', 'behord', 'abwehr', 'schwerwieg', 'bedroh')",17
411,"('bundesgesetz', 'verwend', 'zweckgebund', 'mineralolsteu', 'nationalstrassenabgab')",17
412,"('grund', 'weshalb', 'bundesrat', 'beantragt', 'motion')",17
413,"('gewahlt', 'erklart', 'buro', 'festgestellt', 'wahl')",17
414,"('grundsatz', 'bedeut', 'besond', 'bedeut', 'fall')",17
415,"('wahl', 'somit', 'gultig', 'erklart', 'schreit')",16
416,"('somit', 'gultig', 'erklart', 'schreit', 'vereid')",16
417,"('gultig', 'erklart', 'schreit', 'vereid', 'bitt')",16
418,"('insgesamt', 'million', 'frank', 'pro', 'jahr')",16
419,"('bericht', 'zustimm', 'sinn', 'kenntnis', 'nehm')",16
420,"('milliard', 'frank', 'jahr', 'milliard', 'frank')",16
421,"('solidaritat', 'schafft', 'sich', 'freiwill', 'zivil')",16
422,"('schafft', 'sich', 'freiwill', 'zivil', 'friedensdien')",16
423,"('empfehl', 'parlamentar', 'initiativ', 'folg', 'geb')",16
424,"('à', 'prendr', 'ou', 'à', 'laiss')",16
425,"('kost', 'million', 'frank', 'pro', 'jahr')",16
426,"('bitt', 'dah', 'mehrheit', 'kommission', 'folg')",16
427,"('linder', 'not', 'armut', 'welt', 'achtung')",16
428,"('not', 'armut', 'welt', 'achtung', 'menschenrecht')",16
429,"('armut', 'welt', 'achtung', 'menschenrecht', 'forder')",16
430,"('welt', 'achtung', 'menschenrecht', 'forder', 'demokrati')",16
431,"('demokrati', 'friedlich', 'zusammenleb', 'volk', 'sowi')",16
432,"('bitt', 'nam', 'cvpfraktion', 'vorlag', 'einzutret')",16
433,"('artikel', 'absatz', 'artikel', 'absatz', 'bundesverfass')",16
434,"('antrag', 'mind', 'i', 'antrag', 'mind')",16
435,"('mind', 'i', 'antrag', 'mind', 'ii')",16
436,"('rat', 'ganz', 'herzlich', 'willkomm', 'wunsch')",16
437,"('interpellant', 'beantragt', 'kurz', 'diskussion', 'einverstand')",16
438,"('mehrheit', 'folg', 'beid', 'minderheitsantrag', 'abzulehn')",16
439,"('bilanzsumm', 'million', 'frank', 'umsatzerlos', 'million')",16
440,"('herr', 'bundesrat', 'best', 'dank', 'antwort')",16
441,"('herr', 'bundesrat', 'best', 'dank', 'ausfuhr')",16
442,"('einstimm', 'motion', 'abzulehn', 'bundesrat', 'beantragt')",16
443,"('bericht', 'kommission', 'kommission', 'beantragt', 'gegenstimm')",16
444,"('fdpfraktion', 'teilt', 'antrag', 'mehrheit', 'unterstutz')",16
445,"('international', 'pakt', 'burg', 'polit', 'recht')",16
446,"('beantragt', 'einstimm', 'annahm', 'motion', 'bundesrat')",16
447,"('einstimm', 'annahm', 'motion', 'bundesrat', 'beantragt')",16
448,"('bdpfraktion', 'beantrag', 'vorlag', 'einzutret', 'zuzustimm')",16
449,"('herzlich', 'mitglied', 'beid', 'rat', 'reglementsgemass')",16
450,"('einheit', 'form', 'einheit', 'materi', 'zwingend')",16
451,"('bundesgesetz', 'forder', 'hochschul', 'koordination', 'schweizer')",16
452,"('redaktionskommission', 'erheb', 'textander', 'rat', 'vertreterin')",16
453,"('deshalb', 'bitt', 'parlamentar', 'initiativ', 'folg')",16
454,"('artikel', 'absatz', 'buchstab', 'a', 'geht')",16
455,"('kommission', 'empfiehlt', 'stimm', 'enthalt', 'antrag')",16
456,"('tief', 'beileid', 'aussprech', 'bitt', 'besuch')",16
457,"('eidgenoss', 'departement', 'wirtschaft', 'bildung', 'forschung')",16
458,"('veroffentlicht', 'word', 'buro', 'beantragt', 'wahl')",16
459,"('immerhin', 'million', 'frank', 'pro', 'jahr')",16
460,"('behord', 'abwehr', 'schwerwieg', 'bedroh', 'inn')",16
461,"('bitt', 'nam', 'bundesrat', 'motion', 'abzulehn')",16
462,"('stimm', 'enthalt', 'beschloss', 'parlamentar', 'initiativ')",16
463,"('rechtsfrag', 'grundsatz', 'bedeut', 'besond', 'bedeut')",16
464,"('milliard', 'frank', 'nach', 'vier', 'jahr')",16
465,"('folt', 'grausam', 'unmensch', 'erniedr', 'behandl')",16
466,"('kommission', 'beantragt', 'stimm', 'enthalt', 'mehrheit')",16
467,"('aufwand', 'million', 'frank', 'ertrag', 'million')",16
468,"('million', 'frank', 'pro', 'jahr', 'geschatzt')",15
469,"('kommission', 'beantragt', 'frist', 'ausarbeit', 'vorlag')",15
470,"('beantragt', 'frist', 'ausarbeit', 'vorlag', 'sinn')",15
471,"('international', 'ubereinkomm', 'beseit', 'form', 'rassendiskriminier')",15
472,"('antrag', 'mind', 'leutenegg', 'oberholz', 'unterstutz')",15
473,"('parlamentar', 'initiativ', 'folg', 'geb', 'motion')",15
474,"('kommission', 'empfiehlt', 'stimm', 'enthalt', 'vorlag')",15
475,"('kommission', 'stimm', 'parlamentar', 'initiativ', 'folg')",15
476,"('stimm', 'beschloss', 'initiativ', 'folg', 'geb')",15
477,"('betrifft', 'artikel', 'absatz', 'artikel', 'absatz')",15
478,"('kommission', 'beantragt', 'stimm', 'enthalt', 'standesinitiativ')",15
479,"('deshalb', 'bitt', 'antrag', 'mehrheit', 'zuzustimm')",15
480,"('million', 'frank', 'mehr', 'pro', 'jahr')",15
481,"('parlamentar', 'initiativ', 'leutenegg', 'oberholz', 'folg')",15
482,"('nam', 'svpfraktion', 'bitt', 'vorlag', 'einzutret')",15
483,"('beantragt', 'einstimm', 'standesinitiativ', 'folg', 'geb')",15
484,"('vorlag', 'einzutret', 'antrag', 'kommission', 'zuzustimm')",15
485,"('tret', 'ersuch', 'ratsmitglied', 'sowi', 'besucherinn')",15
486,"('ersuch', 'ratsmitglied', 'sowi', 'besucherinn', 'besuch')",15
487,"('ratsmitglied', 'sowi', 'besucherinn', 'besuch', 'tribun')",15
488,"('sowi', 'besucherinn', 'besuch', 'tribun', 'erheb')",15
489,"('beantragt', 'einstimm', 'motion', 'abzulehn', 'bundesrat')",15
490,"('all', 'grund', 'beantragt', 'kommission', 'stimm')",15
491,"('mitt', 'ratssaal', 'tret', 'ersuch', 'ratsmitglied')",15
492,"('grund', 'weshalb', 'bundesrat', 'motion', 'ablehn')",15
493,"('bericht', 'kommission', 'beantragt', 'stimm', 'enthalt')",15
494,"('mehrheit', 'kommission', 'folg', 'minderheitsantrag', 'abzulehn')",15
495,"('gemass', 'artikel', 'absatz', 'litera', 'b')",15
496,"('eroffn', 'sitzung', 'vereinigt', 'bundesversamml', 'begruss')",15
497,"('sitzung', 'vereinigt', 'bundesversamml', 'begruss', 'herzlich')",15
498,"('vereinigt', 'bundesversamml', 'begruss', 'herzlich', 'mitglied')",15
499,"('bundesversamml', 'begruss', 'herzlich', 'mitglied', 'beid')",15
500,"('begruss', 'herzlich', 'mitglied', 'beid', 'rat')",15
501,"('form', 'einheit', 'materi', 'zwingend', 'bestimm')",15
502,"('einheit', 'materi', 'zwingend', 'bestimm', 'volkerrecht')",15
503,"('rat', 'vertreterin', 'vertret', 'redaktionskommission', 'schlussabstimm')",15
504,"('il', 'n', 'y', 'a', 'pas')",15
505,"('bitt', 'vorlag', 'einzutret', 'minderheitsantrag', 'abzulehn')",15
506,"('ersuch', 'parlamentar', 'initiativ', 'folg', 'geb')",15
507,"('beileid', 'aussprech', 'bitt', 'besuch', 'tribun')",15
508,"('bitt', 'besuch', 'tribun', 'erheb', 'verstorb')",15
509,"('mehrheit', 'folg', 'artikel', 'absatz', 'buchstab')",15
510,"('verordn', 'bundesversamml', 'oktob', 'redaktionskommission', 'erheb')",15
511,"('bundesversamml', 'oktob', 'redaktionskommission', 'erheb', 'textander')",15
512,"('entschied', 'parlamentar', 'initiativ', 'folg', 'geb')",15
513,"('bitt', 'mehrheit', 'folg', 'artikel', 'absatz')",15
514,"('person', 'verurteilt', 'sexuell', 'unversehrt', 'kind')",15
515,"('beruf', 'ehrenamt', 'tatig', 'minderjahr', 'abhang')",15
516,"('nam', 'spfraktion', 'bitt', 'antrag', 'mind')",15
517,"('freiheitsstraf', 'drei', 'jahr', 'geldstraf', 'bestraft')",15
518,"('frau', 'bundesratin', 'best', 'dank', 'ausfuhr')",15
519,"('herr', 'bundesrat', 'viel', 'dank', 'antwort')",15
520,"('eidgenoss', 'departement', 'verteid', 'bevolkerungsschutz', 'sport')",15
521,"('grund', 'weshalb', 'motion', 'ablehn', 'empfehl')",15
522,"('million', 'frank', 'betrag', 'million', 'frank')",15
523,"('grausam', 'unmensch', 'erniedr', 'behandl', 'straf')",15
524,"('bundesgesetz', 'jagd', 'schutz', 'wildleb', 'saugeti')",15
525,"('nachbesteuer', 'erbfall', 'einfuhr', 'straflos', 'selbstanzeig')",15
526,"('bitt', 'deshalb', 'nam', 'grunliberal', 'fraktion')",15
527,"('bundesgesetz', 'gewahr', 'burgschaft', 'zinskostenbeitrag', 'berggebiet')",15
528,"('antrag', 'gestellt', 'wahl', 'somit', 'gultig')",14
529,"('gestellt', 'wahl', 'somit', 'gultig', 'erklart')",14
530,"('kommission', 'beantragt', 'parlamentar', 'initiativ', 'folg')",14
531,"('nam', 'cvpfraktion', 'bitt', 'vorlag', 'einzutret')",14
532,"('artikel', 'absatz', 'buchstab', 'b', 'absatz')",14
533,"('lehnt', 'antrag', 'stimm', 'enthalt', 'ab')",14
534,"('sitzung', 'vereinigt', 'bundesversamml', 'eroffnet', 'mitglied')",14
535,"('vereinigt', 'bundesversamml', 'eroffnet', 'mitglied', 'beid')",14
536,"('bundesversamml', 'eroffnet', 'mitglied', 'beid', 'rat')",14
537,"('sitzung', 'eingelad', 'word', 'tagesordn', 'erhalt')",14
538,"('artikel', 'absatz', 'buchstab', 'b', 'mind')",14
539,"('einsatz', 'lang', 'drei', 'woch', 'dauert')",14
540,"('bitt', 'antrag', 'mind', 'abzulehn', 'mehrheit')",14
541,"('parlamentar', 'initiativ', 'zisyadis', 'folg', 'geb')",14
542,"('bitt', 'deshalb', 'mind', 'ii', 'unterstutz')",14
543,"('wer', 'spat', 'kommt', 'bestraft', 'leb')",14
544,"('deshalb', 'beantragt', 'bundesrat', 'motion', 'abzulehn')",14
545,"('rund', 'million', 'frank', 'million', 'frank')",14
546,"('million', 'frank', 'insgesamt', 'million', 'frank')",14
547,"('mocht', 'darauf', 'hinweis', 'artikel', 'absatz')",14
548,"('antrag', 'mind', 'baad', 'caspar', 'abzulehn')",14
549,"('bitt', 'deshalb', 'antrag', 'mind', 'unterstutz')",14
550,"('nam', 'grun', 'fraktion', 'antrag', 'mind')",14
551,"('svpfraktion', 'teilt', 'antrag', 'mehrheit', 'unterstutzt')",14
552,"('initiativ', 'folg', 'geb', 'folgend', 'grund')",14
553,"('million', 'frank', 'umsatzerlos', 'million', 'frank')",14
554,"('empfiehlt', 'parlamentar', 'initiativ', 'folg', 'geb')",14
555,"('grund', 'parlamentar', 'initiativ', 'folg', 'geb')",14
556,"('mocht', 'deshalb', 'bitt', 'antrag', 'mind')",14
557,"('kommission', 'beantragt', 'standesinitiativ', 'folg', 'geb')",14
558,"('grun', 'fraktion', 'teilt', 'antrag', 'mehrheit')",14
559,"('erhalt', 'kommission', 'beantragt', 'gegenstimm', 'motion')",14
560,"('abkomm', 'schweiz', 'eu', 'assoziier', 'scheng')",14
561,"('schweiz', 'eu', 'assoziier', 'scheng', 'dublin')",14
562,"('zusatz', 'million', 'frank', 'pro', 'jahr')",14
563,"('enthalt', 'motion', 'anzunehm', 'bundesrat', 'beantragt')",14
564,"('rund', 'milliard', 'frank', 'milliard', 'frank')",14
565,"('gemass', 'artikel', 'absatz', 'litera', 'a')",14
566,"('beim', 'antrag', 'mind', 'ii', 'geht')",14
567,"('mocht', 'zuhand', 'amtlich', 'bulletin', 'festhalt')",14
568,"('nam', 'kommissionsmehr', 'bitt', 'vorlag', 'einzutret')",14
569,"('bitt', 'nam', 'fdpliberal', 'fraktion', 'vorlag')",14
570,"('bitt', 'nam', 'spfraktion', 'mehrheit', 'folg')",14
571,"('masslos', 'bau', 'umwelt', 'landschaftsbelast', 'anlag')",14
572,"('million', 'frank', 'davon', 'million', 'frank')",14
573,"('fdpliberal', 'fraktion', 'unterstutz', 'antrag', 'mehrheit')",14
574,"('lasst', 'ausricht', 'antrag', 'mehrheit', 'unterstutzt')",14
575,"('mind', 'i', 'artikel', 'absatz', 'buchstab')",14
576,"('beantragt', 'stimm', 'motion', 'abzulehn', 'bundesrat')",14
577,"('bundesgesetz', 'betreff', 'aufsicht', 'sozial', 'krankenversicher')",14
578,"('cest', 'la', 'raison', 'pour', 'laquell')",14
579,"('aussprech', 'bitt', 'besuch', 'tribun', 'erheb')",14
580,"('bitt', 'nam', 'bundesrat', 'vorlag', 'einzutret')",14
581,"('ehrenamt', 'tatig', 'minderjahr', 'abhang', 'auszuub')",14
582,"('stark', 'volk', 'wohl', 'schwach', 'misst')",14
583,"('regelmass', 'person', 'bezieh', 'beid', 'elternteil')",14
584,"('minderheitsantrag', 'artikel', 'absatz', 'buchstab', 'a')",14
585,"('halb', 'milliard', 'frank', 'pro', 'jahr')",14
586,"('parlamentar', 'initiativ', 'gysin', 'han', 'rudolf')",14
587,"('million', 'frank', 'kanton', 'million', 'frank')",14
588,"('milliard', 'frank', 'ausgab', 'milliard', 'frank')",14
589,"('vereinfach', 'nachbesteuer', 'erbfall', 'einfuhr', 'straflos')",14
590,"('gewahr', 'burgschaft', 'zinskostenbeitrag', 'berggebiet', 'weit')",14
591,"('burgschaft', 'zinskostenbeitrag', 'berggebiet', 'weit', 'landlich')",14
592,"('zinskostenbeitrag', 'berggebiet', 'weit', 'landlich', 'raum')",14
593,"('korp', 'psychisch', 'sexuell', 'integritat', 'kind')",14
594,"('psychisch', 'sexuell', 'integritat', 'kind', 'gefahrdet')",14
595,"('vorlag', 'einzutret', 'antrag', 'kommission', 'folg')",13
596,"('erklar', 'sitzung', 'vereinigt', 'bundesversamml', 'eroffnet')",13
597,"('kommission', 'beantragt', 'stimm', 'enthalt', 'zustimm')",13
598,"('wichtig', 'rechtsetz', 'bestimm', 'form', 'bundesgesetz')",13
599,"('rechtsetz', 'bestimm', 'form', 'bundesgesetz', 'erlass')",13
600,"('artikel', 'artikel', 'absatz', 'artikel', 'absatz')",13
601,"('ausgab', 'einnahm', 'dau', 'gleichgewicht', 'halt')",13
602,"('bitt', 'nam', 'fdpfraktion', 'antrag', 'mind')",13
603,"('swiss', 'cod', 'of', 'best', 'practic')",13
604,"('antrag', 'mind', 'abzulehn', 'mehrheit', 'zuzustimm')",13
605,"('drittel', 'bund', 'zwei', 'drittel', 'kanton')",13
606,"('deshalb', 'bitt', 'antrag', 'mind', 'i')",13
607,"('rechtlich', 'tatsach', 'gleichstell', 'mann', 'frau')",13
608,"('grun', 'fraktion', 'unterstutzt', 'antrag', 'mehrheit')",13
609,"('pro', 'lit', 'benzin', 'rapp', 'pro')",13
610,"('lit', 'benzin', 'rapp', 'pro', 'lit')",13
611,"('dan', 'le', 'cadr', 'de', 'la')",13
612,"('nament', 'linder', 'not', 'armut', 'welt')",13
613,"('pro', 'jahr', 'etwa', 'million', 'frank')",13
614,"('mocht', 'zuerst', 'interessenbind', 'off', 'leg')",13
615,"('de', 'la', 'commission', 'de', 'la')",13
616,"('bitt', 'nam', 'fdpfraktion', 'mehrheit', 'zuzustimm')",13
617,"('wurd', 'kommission', 'stimm', 'enthalt', 'angenomm')",13
618,"('gesamtschau', 'weit', 'entwickl', 'postwes', 'schweiz')",13
619,"('bundesgesetz', 'schutz', 'kulturgut', 'bewaffnet', 'konflikt')",13
620,"('folg', 'beim', 'geltend', 'recht', 'bleib')",13
621,"('antrag', 'mind', 'leutenegg', 'oberholz', 'artikel')",13
622,"('million', 'frank', 'bilanzsumm', 'million', 'frank')",13
623,"('gesellschaft', 'der', 'akti', 'bors', 'kotiert')",13
624,"('anzunehm', 'bundesrat', 'beantragt', 'ablehn', 'motion')",13
625,"('artikel', 'absatz', 'buchstab', 'd', 'artikel')",13
626,"('sowohl', 'artikel', 'absatz', 'artikel', 'absatz')",13
627,"('million', 'frank', 'gemass', 'entwurf', 'bundesrat')",13
628,"('nam', 'kommissionsmehr', 'parlamentar', 'initiativ', 'folg')",13
629,"('mocht', 'bitt', 'initiativ', 'folg', 'geb')",13
630,"('fdpfraktion', 'teilt', 'antrag', 'mehrheit', 'zustimmt')",13
631,"('institution', 'forder', 'einglieder', 'invalid', 'person')",13
632,"('kommission', 'stimm', 'enthalt', 'vorlag', 'eingetret')",13
633,"('nutzt', 's', 'nut', 'schadt', 's')",13
634,"('s', 'nut', 'schadt', 's', 'nut')",13
635,"('wichtig', 'rechtsetz', 'bestimm', 'enthalt', 'der')",13
636,"('rechtsetz', 'bestimm', 'enthalt', 'der', 'umsetz')",13
637,"('artikel', 'absatz', 'buchstab', 'c', 'bundesverfass')",13
638,"('bilateral', 'abkomm', 'schweiz', 'eu', 'assoziier')",13
639,"('volksinitiativ', 'vernunft', 'hanfpolit', 'wirksam', 'jugendschutz')",13
640,"('mocht', 'bitt', 'antrag', 'mind', 'zuzustimm')",13
641,"('initiativ', 'volk', 'stand', 'annahm', 'empfehl')",13
642,"('antrag', 'mehrheit', 'unterstutz', 'antrag', 'mind')",13
643,"('initiativ', 'stimm', 'enthalt', 'folg', 'gegeb')",13
644,"('parlamentar', 'initiativ', 'folg', 'geb', 'folgend')",13
645,"('sinn', 'bitt', 'parlamentar', 'initiativ', 'folg')",13
646,"('nam', 'grun', 'fraktion', 'vorlag', 'einzutret')",13
647,"('bitt', 'nam', 'fdpliberal', 'fraktion', 'antrag')",13
648,"('empfiehlt', 'stimm', 'enthalt', 'vorlag', 'einzutret')",13
649,"('empfiehlt', 'stimm', 'initiativ', 'folg', 'geb')",13
650,"('bitt', 'nam', 'mind', 'motion', 'abzulehn')",13
651,"('stimm', 'motion', 'abzulehn', 'bundesrat', 'beantragt')",13
652,"('empfiehlt', 'stimm', 'enthalt', 'parlamentar', 'initiativ')",13
653,"('kommission', 'stimm', 'enthalt', 'abgelehnt', 'bitt')",13
654,"('bundesrat', 'beantragt', 'ablehn', 'motion', 'kommission')",13
655,"('antrag', 'mind', 'rickli', 'natali', 'abzulehn')",13
656,"('transparency', 'and', 'exchang', 'of', 'information')",13
657,"('antrag', 'mind', 'kien', 'nell', 'abzulehn')",13
658,"('bitt', 'antrag', 'mind', 'iii', 'abzulehn')",13
659,"('entscheid', 'kommission', 'fiel', 'stimm', 'enthalt')",13
660,"('nationalrat', 'motion', 'septemb', 'stimm', 'enthalt')",13
661,"('mach', 'darauf', 'aufmerksam', 'zettel', 'platz')",13
662,"('darauf', 'aufmerksam', 'zettel', 'platz', 'abgegeb')",13
663,"('war', 'buro', 'beantragt', 'wahl', 'herrn')",13
664,"('fond', 'inn', 'sich', 'bereich', 'aussengrenz')",13
665,"('oberst', 'leitend', 'vollzieh', 'behord', 'bund')",13
666,"('kommission', 'sozial', 'sich', 'gesund', 'standerat')",13
667,"('betrag', 'million', 'frank', 'pro', 'jahr')",13
668,"('schweiz', 'attraktiv', 'werk', 'denk', 'schaffensplatz')",13
669,"('million', 'frank', 'million', 'frank', 'kurz')",13
670,"('unterstutz', 'zivil', 'behord', 'beim', 'schutz')",13
671,"('zivil', 'behord', 'beim', 'schutz', 'ausland')",13
672,"('behord', 'beim', 'schutz', 'ausland', 'vertret')",13
673,"('anwend', 'polizei', 'zwang', 'polizei', 'massnahm')",13
674,"('bundesbeschluss', 'ii', 'entnahm', 'fond', 'eisenbahngrossprojekt')",13
675,"('nachtrag', 'i', 'voranschlag', 'sitzung', 'mai')",13
676,"('position', 'sozialhilf', 'asylsuch', 'vorlauf', 'aufgenomm')",13
677,"('validi', 'antrag', 'gestellt', 'wahl', 'somit')",12
678,"('artikel', 'absatz', 'litera', 'c', 'artikel')",12
679,"('nam', 'svpfraktion', 'bitt', 'antrag', 'mind')",12
680,"('cvpfraktion', 'lasst', 'mitteil', 'mehrheit', 'unterstutzt')",12
681,"('frank', 'jahr', 'milliard', 'frank', 'jahr')",12
682,"('bilateral', 'abkomm', 'schweiz', 'europa', 'union')",12
683,"('la', 'proposition', 'de', 'la', 'majorité')",12
684,"('bitt', 'deshalb', 'nam', 'spfraktion', 'antrag')",12
685,"('bitt', 'parlamentar', 'initiativ', 'erst', 'phas')",12
686,"('artikel', 'absatz', 'artikel', 'artikel', 'absatz')",12
687,"('initiativ', 'gesichert', 'ahv', 'energi', 'statt')",12
688,"('kommission', 'beantragt', 'einstimm', 'bundesbeschluss', 'zuzustimm')",12
689,"('beantrag', 'nam', 'kommission', 'vorlag', 'einzutret')",12
690,"('volkswirtschaft', 'sozial', 'schadlich', 'auswirk', 'kartell')",12
691,"('deshalb', 'beantragt', 'kommission', 'stimm', 'enthalt')",12
692,"('bitt', 'deshalb', 'antrag', 'mehrheit', 'kommission')",12
693,"('artikel', 'absatz', 'bzw', 'artikel', 'absatz')",12
694,"('nam', 'kommission', 'bitt', 'mehrheit', 'folg')",12
695,"('betrifft', 'artikel', 'absatz', 'buchstab', 'b')",12
696,"('artikel', 'absatz', 'buchstab', 'c', 'absatz')",12
697,"('million', 'frank', 'plus', 'million', 'frank')",12
698,"('bitt', 'nam', 'einstimm', 'kommission', 'vorlag')",12
699,"('rapp', 'pro', 'lit', 'benzin', 'rapp')",12
700,"('artikel', 'absatz', 'buchstab', 'a', 'e')",12
701,"('bundesgesetz', 'massnahm', 'zivil', 'friedensforder', 'starkung')",12
702,"('beantragt', 'einstimm', 'bericht', 'kenntnis', 'nehm')",12
703,"('volk', 'stand', 'initiativ', 'ablehn', 'empfehl')",12
704,"('bitt', 'vorlag', 'einzutret', 'antrag', 'mehrheit')",12
705,"('deshalb', 'antrag', 'mind', 'ii', 'zuzustimm')",12
706,"('ersuch', 'ratsmitglied', 'besuch', 'tribun', 'erheb')",12
707,"('erklart', 'beschluss', 'amtsblatt', 'kanton', 'zurich')",12
708,"('nationalratsmandat', 'besteht', 'buro', 'beantragt', 'wahl')",12
709,"('artikel', 'absatz', 'buchstab', 'a', 'd')",12
710,"('kommission', 'beantragt', 'gegenstimm', 'motion', 'anzunehm')",12
711,"('antrag', 'mind', 'leutenegg', 'oberholz', 'zuzustimm')",12
712,"('kommission', 'beantragt', 'motion', 'anzunehm', 'bundesrat')",12
713,"('bitt', 'deshalb', 'nam', 'mehrheit', 'kommission')",12
714,"('bitt', 'geb', 'parlamentar', 'initiativ', 'folg')",12
715,"('parlamentar', 'initiativ', 'jod', 'folg', 'geb')",12
716,"('beantragt', 'stimm', 'enthalt', 'annahm', 'motion')",12
717,"('bundesgesetz', 'institution', 'forder', 'einglieder', 'invalid')",12
718,"('einspar', 'million', 'frank', 'pro', 'jahr')",12
719,"('fdpfraktion', 'svpfraktion', 'teil', 'antrag', 'mehrheit')",12
720,"('mann', 'frau', 'anspruch', 'gleich', 'lohn')",12
721,"('frau', 'anspruch', 'gleich', 'lohn', 'gleichwert')",12
722,"('deshalb', 'antrag', 'mind', 'i', 'unterstutz')",12
723,"('ratssaal', 'tret', 'ersuch', 'ratsmitglied', 'sowi')",12
724,"('beitritt', 'organisation', 'kollektiv', 'sich', 'supranational')",12
725,"('organisation', 'kollektiv', 'sich', 'supranational', 'gemeinschaft')",12
726,"('kommissionsmehr', 'beantragt', 'entscheid', 'fiel', 'stimm')",12
727,"('bitt', 'vorlag', 'einzutret', 'mehrheit', 'folg')",12
728,"('pro', 'jahr', 'rund', 'milliard', 'frank')",12
729,"('offentlichrecht', 'anstalt', 'bund', 'eig', 'rechtsperson')",12
730,"('massgeb', 'eig', 'ressourc', 'kanton', 'pro')",12
731,"('einwohn', 'mindest', 'prozent', 'schweizer', 'durchschnitt')",12
732,"('svpfraktion', 'teilt', 'antrag', 'mehrheit', 'unterstutz')",12
733,"('erst', 'differenz', 'betrifft', 'artikel', 'absatz')",12
734,"('nam', 'mehrheit', 'kommission', 'vorlag', 'einzutret')",12
735,"('bitt', 'deshalb', 'nam', 'spfraktion', 'mind')",12
736,"('grund', 'bitt', 'parlamentar', 'initiativ', 'folg')",12
737,"('mehrheit', 'parlamentar', 'initiativ', 'folg', 'geb')",12
738,"('kommission', 'beantragt', 'stimm', 'vorlag', 'einzutret')",12
739,"('kommission', 'empfiehlt', 'stimm', 'enthalt', 'minderheitsantrag')",12
740,"('bundesrat', 'beantragt', 'annahm', 'motion', 'standerat')",12
741,"('initiativ', 'folg', 'geb', 'mehrheit', 'kommission')",12
742,"('verordn', 'beruf', 'alt', 'hinterlass', 'invalidenvorsorg')",12
743,"('absatz', 'verordn', 'bundesversamml', 'redaktionskommission', 'erheb')",12
744,"('verordn', 'bundesversamml', 'redaktionskommission', 'erheb', 'textander')",12
745,"('fraktion', 'cvpevpglpfraktion', 'unterstutz', 'antrag', 'mehrheit')",12
746,"('polizei', 'feuerwehr', 'gesundheitswes', 'technisch', 'betrieb')",12
747,"('feuerwehr', 'gesundheitswes', 'technisch', 'betrieb', 'zivilschutz')",12
748,"('parlamentar', 'initiativ', 'folg', 'geb', 'bitt')",12
749,"('nam', 'mehrheit', 'kommission', 'initiativ', 'folg')",12
750,"('stimm', 'enthalt', 'abgelehnt', 'bitt', 'mehrheit')",12
751,"('folg', 'antrag', 'mind', 'i', 'abzulehn')",12
752,"('heutig', 'sitzung', 'eingelad', 'word', 'stell')",12
753,"('sitzung', 'eingelad', 'word', 'stell', 'fest')",12
754,"('eingelad', 'word', 'stell', 'fest', 'absolut')",12
755,"('global', 'forum', 'on', 'transparency', 'and')",12
756,"('forum', 'on', 'transparency', 'and', 'exchang')",12
757,"('on', 'transparency', 'and', 'exchang', 'of')",12
758,"('nam', 'bundesversamml', 'mocht', 'famili', 'herz')",12
759,"('bundesversamml', 'mocht', 'famili', 'herz', 'tief')",12
760,"('oktob', 'redaktionskommission', 'erheb', 'textander', 'rat')",12
761,"('verkehr', 'tier', 'pflanz', 'geschutzt', 'art')",12
762,"('europarat', 'schutz', 'kind', 'sexuell', 'ausbeut')",12
763,"('verurteilt', 'sexuell', 'unversehrt', 'kind', 'abhang')",12
764,"('bitt', 'mehrheit', 'kommission', 'folg', 'minderheitsantrag')",12
765,"('mocht', 'einfach', 'zuhand', 'amtlich', 'bulletin')",12
766,"('global', 'forum', 'transparenz', 'informationsaustausch', 'steuerzweck')",12
767,"('absatz', 'buchstab', 'c', 'artikel', 'absatz')",12
768,"('antrag', 'mind', 'i', 'abzulehn', 'antrag')",12
769,"('aufmerksam', 'zettel', 'platz', 'abgegeb', 'nachtrag')",12
770,"('zahlung', 'divid', 'zins', 'lizenzgebuhr', 'verbund')",12
771,"('divid', 'zins', 'lizenzgebuhr', 'verbund', 'unternehm')",12
772,"('stimm', 'enthalt', 'abgelehnt', 'artikel', 'absatz')",12
773,"('bitt', 'mehrheit', 'kommission', 'bundesrat', 'folg')",12
774,"('forder', 'ausserschul', 'arbeit', 'kind', 'jugend')",12
775,"('bundesgesetz', 'polizei', 'massnahm', 'bekampf', 'terrorismus')",12
776,"('inn', 'sich', 'bereich', 'aussengrenz', 'visa')",12
777,"('national', 'programm', 'pravention', 'bekampf', 'armut')",12
778,"('million', 'frank', 'davon', 'entfall', 'million')",12
779,"('jahr', 'milliard', 'frank', 'milliard', 'frank')",12
780,"('beim', 'eidgenoss', 'buro', 'gleichstell', 'frau')",12
781,"('too', 'big', 'to', 'fail', 'instrument')",12
782,"('frank', 'pro', 'lit', 'rein', 'alkohol')",12
783,"('bitt', 'vorlag', 'einzutret', 'antrag', 'kommissionsmehr')",12
784,"('einricht', 'ambulant', 'tag', 'undod', 'nachtstruktur')",12
785,"('kulturell', 'bestreb', 'gesamtschweizer', 'interess', 'unterstutz')",12
786,"('too', 'big', 'to', 'fail', 'regel')",12
787,"('nachtrag', 'i', 'voranschlag', 'bundesrat', 'beantragt')",12
788,"('antrag', 'mind', 'i', 'abzulehn', 'mind')",11
789,"('bitt', 'antrag', 'mind', 'schluer', 'abzulehn')",11
790,"('parlamentar', 'initiativ', 'form', 'allgemein', 'anreg')",11
791,"('volksinitiativ', 'volk', 'stand', 'ablehn', 'empfehl')",11
792,"('bitt', 'vorlag', 'einzutret', 'detailberat', 'antrag')",11
793,"('nam', 'mehrheit', 'kommission', 'antrag', 'mind')",11
794,"('artikel', 'absatz', 'gemass', 'entwurf', 'bundesrat')",11
795,"('parlamentar', 'initiativ', 'folg', 'geb', 'mocht')",11
796,"('bitt', 'mind', 'folg', 'parlamentar', 'initiativ')",11
797,"('kommission', 'beantragt', 'bericht', 'kenntnis', 'nehm')",11
798,"('million', 'frank', 'pro', 'jahr', 'wenig')",11
799,"('nam', 'kommissionsmind', 'beantrag', 'parlamentar', 'initiativ')",11
800,"('antrag', 'mind', 'gysin', 'remo', 'abzulehn')",11
801,"('nam', 'einstimm', 'kommission', 'beantrag', 'vorlag')",11
802,"('einstimm', 'kommission', 'beantrag', 'vorlag', 'einzutret')",11
803,"('nam', 'mehrheit', 'kommission', 'parlamentar', 'initiativ')",11
804,"('cest', 'à', 'prendr', 'ou', 'à')",11
805,"('enthalt', 'initiativ', 'folg', 'geb', 'mind')",11
806,"('kommission', 'antrag', 'mind', 'i', 'stimm')",11
807,"('person', 'besond', 'schutzwurd', 'sach', 'ausland')",11
808,"('deshalb', 'bitt', 'antrag', 'mind', 'ii')",11
809,"('stimm', 'enthalt', 'initiativ', 'ablehn', 'empfehl')",11
810,"('artikel', 'absatz', 'buchstab', 'a', 'artikel')",11
811,"('mocht', 'parlamentar', 'initiativ', 'folg', 'geb')",11
812,"('bitt', 'minderheitsantrag', 'abzulehn', 'mehrheit', 'folg')",11
813,"('tragt', 'nament', 'linder', 'not', 'armut')",11
814,"('million', 'frank', 'million', 'frank', 'jahr')",11
815,"('initiativ', 'leutenegg', 'oberholz', 'folg', 'geb')",11
816,"('kommission', 'beantragt', 'einstimm', 'bericht', 'kenntnis')",11
817,"('milliard', 'frank', 'davon', 'milliard', 'frank')",11
818,"('kommission', 'bitt', 'vorlag', 'einzutret', 'zuzustimm')",11
819,"('einstimm', 'kommission', 'bitt', 'vorlag', 'einzutret')",11
820,"('initiativ', 'folg', 'geb', 'parlamentar', 'initiativ')",11
821,"('mitt', 'saal', 'tret', 'ersuch', 'ratsmitglied')",11
822,"('kommission', 'beantragt', 'einstimm', 'standesinitiativ', 'folg')",11
823,"('beantragt', 'stimm', 'standesinitiativ', 'folg', 'geb')",11
824,"('deshalb', 'antrag', 'mind', 'leutenegg', 'oberholz')",11
825,"('beantragt', 'motion', 'anzunehm', 'bundesrat', 'beantragt')",11
826,"('antrag', 'mehrheit', 'antrag', 'mind', 'ii')",11
827,"('entwurf', 'bundesrat', 'bzw', 'antrag', 'mind')",11
828,"('motion', 'anzunehm', 'bundesrat', 'beantragt', 'ablehn')",11
829,"('darum', 'bitt', 'antrag', 'mehrheit', 'zuzustimm')",11
830,"('stark', 'volk', 'misst', 'wohl', 'schwach')",11
831,"('sam', 'business', 'sam', 'risk', 'sam')",11
832,"('business', 'sam', 'risk', 'sam', 'rul')",11
833,"('cest', 'le', 'ton', 'qui', 'fait')",11
834,"('le', 'ton', 'qui', 'fait', 'la')",11
835,"('stimm', 'enthalt', 'bzw', 'stimm', 'enthalt')",11
836,"('vorlag', 'gesamtabstimm', 'stimm', 'enthalt', 'zugestimmt')",11
837,"('sinn', 'bitt', 'antrag', 'mehrheit', 'zuzustimm')",11
838,"('antwort', 'bundesrat', 'befriedigt', 'diskussion', 'wunscht')",11
839,"('erklart', 'beschluss', 'amtsblatt', 'kanton', 'bern')",11
840,"('grund', 'weshalb', 'bundesrat', 'empfiehlt', 'motion')",11
841,"('beantragt', 'gegenstimm', 'motion', 'anzunehm', 'bundesrat')",11
842,"('bundesrat', 'beantragt', 'ablehn', 'motion', 'nationalrat')",11
843,"('leid', 'muss', 'session', 'nachruf', 'beginn')",11
844,"('muss', 'session', 'nachruf', 'beginn', 'gedenk')",11
845,"('session', 'nachruf', 'beginn', 'gedenk', 'heut')",11
846,"('kommission', 'beantragt', 'einstimm', 'eintret', 'zustimm')",11
847,"('schutz', 'forder', 'vielfalt', 'kulturell', 'ausdrucksform')",11
848,"('beim', 'antrag', 'mind', 'i', 'geht')",11
849,"('mitglied', 'kommission', 'sozial', 'sich', 'gesund')",11
850,"('bitt', 'nam', 'kommission', 'motion', 'anzunehm')",11
851,"('bitt', 'nam', 'kommissionsmehr', 'parlamentar', 'initiativ')",11
852,"('weg', 'wehrdienstverweiger', 'desertion', 'ernsthaft', 'nachteil')",11
853,"('abzulehn', 'beim', 'entwurf', 'bundesrat', 'bleib')",11
854,"('deshalb', 'mehrheit', 'folg', 'antrag', 'mind')",11
855,"('fdpliberal', 'fraktion', 'cvpevpglpfraktion', 'unterstutz', 'antrag')",11
856,"('frank', 'umsatzerlos', 'million', 'frank', 'vollzeitstell')",11
857,"('delegation', 'rat', 'ganz', 'herzlich', 'willkomm')",11
858,"('botschaft', 'erhoh', 'mittel', 'finanzier', 'offent')",11
859,"('forder', 'innovation', 'zusammenarbeit', 'wissensaufbau', 'tourismus')",11
860,"('bitt', 'nam', 'fdpliberal', 'fraktion', 'mehrheit')",11
861,"('ruckerstatt', 'unrechtmass', 'erworb', 'vermogenswert', 'polit')",11
862,"('and', 'exchang', 'of', 'information', 'for')",11
863,"('exchang', 'of', 'information', 'for', 'tax')",11
864,"('of', 'information', 'for', 'tax', 'purpos')",11
865,"('ubereinkomm', 'europarat', 'schutz', 'kind', 'sexuell')",11
866,"('ubertragbar', 'stark', 'verbreitet', 'bosart', 'krankheit')",11
867,"('deshalb', 'bitt', 'antrag', 'kommissionsmehr', 'zuzustimm')",11
868,"('kommission', 'beantragt', 'stimm', 'enthalt', 'beschluss')",11
869,"('erst', 'ersatz', 'list', 'sozialdemokrat', 'partei')",11
870,"('motion', 'beid', 'rat', 'angenomm', 'word')",11
871,"('antrag', 'mind', 'de', 'court', 'abzulehn')",11
872,"('sinn', 'bitt', 'vorlag', 'einzutret', 'antrag')",11
873,"('million', 'frank', 'pro', 'jahr', 'zusatz')",11
874,"('stopp', 'uberbevolker', 'sicher', 'natur', 'lebensgrundlag')",11
875,"('artikel', 'absatz', 'buchstab', 'a', 'c')",11
876,"('deshalb', 'bitt', 'nam', 'fdpliberal', 'fraktion')",11
877,"('kommission', 'stimm', 'enthalt', 'motion', 'abzulehn')",11
878,"('motion', 'septemb', 'stimm', 'enthalt', 'angenomm')",11
879,"('mind', 'aeschi', 'thomas', 'artikel', 'absatz')",11
880,"('artikel', 'absatz', 'buchstab', 'e', 'artikel')",11
881,"('lehn', 'antrag', 'mind', 'ii', 'ab')",11
882,"('verordn', 'ubermass', 'vergut', 'borsenkotiert', 'aktiengesellschaft')",11
883,"('ubereinkomm', 'beseit', 'form', 'diskriminier', 'frau')",11
884,"('beantrag', 'nam', 'einstimm', 'kommission', 'vorlag')",11
885,"('artikel', 'absatz', 'bitt', 'mehrheit', 'folg')",11
886,"('mocht', 'einfach', 'nochmal', 'daran', 'erinn')",11
887,"('bitt', 'beim', 'geltend', 'recht', 'bleib')",11
888,"('bitt', 'deshalb', 'antrag', 'kommissionsmehr', 'zuzustimm')",11
889,"('mutt', 'kind', 'schutz', 'ungebor', 'kind')",11
890,"('kind', 'schutz', 'ungebor', 'kind', 'hilf')",11
891,"('schutz', 'ungebor', 'kind', 'hilf', 'mutt')",11
892,"('ungebor', 'kind', 'hilf', 'mutt', 'not')",11
893,"('mehrheit', 'zuzustimm', 'antrag', 'mind', 'i')",11
894,"('beschluss', 'mai', 'gewahlt', 'erklart', 'beschluss')",11
895,"('mai', 'gewahlt', 'erklart', 'beschluss', 'amtsblatt')",11
896,"('kantonal', 'beitrag', 'innerkantonal', 'stationar', 'behandl')",11
897,"('word', 'buro', 'beantragt', 'wahl', 'herrn')",11
898,"('formell', 'festzustell', 'buro', 'angab', 'herrn')",11
899,"('drei', 'eben', 'bund', 'kanton', 'gemeind')",11
900,"('jahr', 'anerkannt', 'schweizer', 'weiterbildungsstatt', 'gearbeitet')",11
901,"('schweiz', 'sorgt', 'sich', 'agiert', 'verlass')",11
902,"('sorgt', 'sich', 'agiert', 'verlass', 'partnerin')",11
903,"('sich', 'agiert', 'verlass', 'partnerin', 'welt')",11
904,"('schweiz', 'fordert', 'national', 'zusammenhalt', 'leistet')",11
905,"('fordert', 'national', 'zusammenhalt', 'leistet', 'beitrag')",11
906,"('national', 'zusammenhalt', 'leistet', 'beitrag', 'starkung')",11
907,"('zusammenhalt', 'leistet', 'beitrag', 'starkung', 'international')",11
908,"('leistet', 'beitrag', 'starkung', 'international', 'zusammenarbeit')",11
909,"('ii', 'entnahm', 'fond', 'eisenbahngrossprojekt', 'jahr')",11
910,"('gepruft', 'empfiehlt', 'der', 'genehm', 'einschrank')",11
911,"('regional', 'global', 'gut', 'positioniert', 'einfluss')",11
912,"('motion', 'bundesrat', 'beauftragt', 'gesetz', 'grundlag')",10
913,"('kommission', 'lehnt', 'antrag', 'stimm', 'enthalt')",10
914,"('empfiehlt', 'stimm', 'enthalt', 'initiativ', 'folg')",10
915,"('kommission', 'beantragt', 'einstimm', 'initiativ', 'abzuschreib')",10
916,"('frag', 'interpellant', 'antwort', 'bundesrat', 'befriedigt')",10
917,"('kommission', 'beantragt', 'stimm', 'enthalt', 'standerat')",10
918,"('artikel', 'absatz', 'bundesgesetz', 'natur', 'heimatschutz')",10
919,"('eroffnet', 'mitglied', 'beid', 'rat', 'reglementsgemass')",10
920,"('deshalb', 'bitt', 'initiativ', 'ablehn', 'empfehl')",10
921,"('kommission', 'beantragt', 'einstimm', 'nationalrat', 'folg')",10
922,"('dank', 'bundesrat', 'bereit', 'postulat', 'entgegenzunehm')",10
923,"('bitt', 'deshalb', 'initiativ', 'annahm', 'empfehl')",10
924,"('artikel', 'absatz', 'buchstab', 'b', 'antrag')",10
925,"('sozial', 'schadlich', 'auswirk', 'kartell', 'wettbewerbsbeschrank')",10
926,"('uns', 'parlamentar', 'initiativ', 'folg', 'geb')",10
927,"('gemass', 'artikel', 'absatz', 'militargesetz', 'bundesversamml')",10
928,"('einsatz', 'arme', 'schutz', 'ausland', 'vertret')",10
929,"('antrag', 'mehrheit', 'zuzustimm', 'minderheitsantrag', 'abzulehn')",10
930,"('beantragt', 'kommission', 'stimm', 'parlamentar', 'initiativ')",10
931,"('eidgenoss', 'ethikkommission', 'gentechn', 'ausserhuman', 'bereich')",10
932,"('benzin', 'rapp', 'pro', 'lit', 'diesel')",10
933,"('frank', 'million', 'frank', 'pro', 'jahr')",10
934,"('antrag', 'mind', 'abzulehn', 'mehrheit', 'folg')",10
935,"('ausfall', 'million', 'frank', 'pro', 'jahr')",10
936,"('kommission', 'beantragt', 'stimm', 'enthalt', 'antrag')",10
937,"('nam', 'einstimm', 'kommission', 'bitt', 'vorlag')",10
938,"('geschaftsfuhr', 'bundesrat', 'bundesverwalt', 'eidgenoss', 'gericht')",10
939,"('hoh', 'million', 'frank', 'pro', 'jahr')",10
940,"('artikel', 'absatz', 'buchstab', 'd', 'e')",10
941,"('milliard', 'frank', 'rund', 'million', 'frank')",10
942,"('initiativ', 'folg', 'geb', 'mind', 'beantragt')",10
943,"('international', 'zentrum', 'humanitar', 'minenraum', 'genf')",10
944,"('mindest', 'million', 'frank', 'pro', 'jahr')",10
945,"('anschluss', 'ost', 'westschweiz', 'europa', 'eisenbahnhochleistungsnetz')",10
946,"('frank', 'pro', 'monat', 'frank', 'pro')",10
947,"('kommission', 'wurd', 'antrag', 'stimm', 'abgelehnt')",10
948,"('frank', 'bilanzsumm', 'million', 'frank', 'umsatzerlos')",10
949,"('prami', 'kind', 'jung', 'erwachs', 'ausbild')",10
950,"('nam', 'mind', 'initiativ', 'folg', 'geb')",10
951,"('kommission', 'stimm', 'initiativ', 'folg', 'geb')",10
952,"('revision', 'bundesgesetz', 'massnahm', 'wahrung', 'inn')",10
953,"('antrag', 'mind', 'ii', 'antrag', 'mehrheit')",10
954,"('artikel', 'absatz', 'buchstab', 'c', 'd')",10
955,"('leistung', 'grundversorg', 'muss', 'person', 'vergleichbar')",10
956,"('grundversorg', 'muss', 'person', 'vergleichbar', 'weis')",10
957,"('spfraktion', 'teilt', 'antrag', 'mind', 'unterstutzt')",10
958,"('cvpfraktion', 'svpfraktion', 'teil', 'antrag', 'mehrheit')",10
959,"('kommission', 'vorlag', 'stimm', 'enthalt', 'zugestimmt')",10
960,"('fraktion', 'teilt', 'antrag', 'mind', 'unterstutzt')",10
961,"('swiss', 'investment', 'fund', 'for', 'emerging')",10
962,"('investment', 'fund', 'for', 'emerging', 'market')",10
963,"('artikel', 'bundesgesetz', 'massnahm', 'wahrung', 'inn')",10
964,"('bund', 'kanton', 'sorg', 'rahm', 'zustand')",10
965,"('kommission', 'beantragt', 'stimm', 'enthalt', 'entwurf')",10
966,"('spfraktion', 'teilt', 'antrag', 'mind', 'unterstutz')",10
967,"('million', 'frank', 'pro', 'jahr', 'erhoh')",10
968,"('mindest', 'milliard', 'frank', 'pro', 'jahr')",10
969,"('million', 'frank', 'bzw', 'million', 'frank')",10
970,"('gemass', 'artikel', 'absatz', 'litera', 'd')",10
971,"('bitt', 'nam', 'cvpfraktion', 'antrag', 'mind')",10
972,"('bericht', 'kommission', 'beantragt', 'stimm', 'motion')",10
973,"('million', 'frank', 'zusatz', 'million', 'frank')",10
974,"('bericht', 'kommission', 'beantragt', 'gegenstimm', 'motion')",10
975,"('beantragt', 'gegenstimm', 'motion', 'abzulehn', 'bundesrat')",10
976,"('gegenstimm', 'motion', 'abzulehn', 'bundesrat', 'beantragt')",10
977,"('gegenstimm', 'motion', 'anzunehm', 'bundesrat', 'beantragt')",10
978,"('mindest', 'prozent', 'schweizer', 'durchschnitt', 'erreich')",10
979,"('artikel', 'absatz', 'buchstab', 'g', 'bundesverfass')",10
980,"('beginn', 'gedenk', 'heut', 'ehemal', 'standeratsprasident')",10
981,"('kommission', 'beantragt', 'stimm', 'antrag', 'mind')",10
982,"('artikel', 'absatz', 'buchstab', 'a', 'absatz')",10
983,"('beantragt', 'kommission', 'einstimm', 'vorlag', 'einzutret')",10
984,"('genehm', 'umsetz', 'bilateral', 'abkomm', 'schweiz')",10
985,"('umsetz', 'bilateral', 'abkomm', 'schweiz', 'eu')",10
986,"('schluss', 'verhinderungspolit', 'mehr', 'wachstum', 'schweiz')",10
987,"('stimm', 'enthalt', 'vorlag', 'eingetret', 'gesamtabstimm')",10
988,"('umstand', 'ernenn', 'roland', 'nef', 'chef')",10
989,"('ernenn', 'roland', 'nef', 'chef', 'arme')",10
990,"('unterschied', 'antrag', 'mehrheit', 'antrag', 'mind')",10
991,"('bitt', 'nam', 'mind', 'vorlag', 'einzutret')",10
992,"('beantragt', 'kommission', 'stimm', 'enthalt', 'initiativ')",10
993,"('million', 'frank', 'pro', 'jahr', 'rechn')",10
994,"('volk', 'stand', 'empfehl', 'initiativ', 'abzulehn')",10
995,"('mitglied', 'kommission', 'wissenschaft', 'bildung', 'kultur')",10
996,"('nutz', 'risik', 'freisetz', 'gentechn', 'verandert')",10
997,"('risik', 'freisetz', 'gentechn', 'verandert', 'pflanz')",10
998,"('steu', 'begunstigt', 'bauspar', 'erwerb', 'selbstgenutzt')",10
999,"('begunstigt', 'bauspar', 'erwerb', 'selbstgenutzt', 'wohneigentum')",10
1000,"('bauspar', 'erwerb', 'selbstgenutzt', 'wohneigentum', 'finanzier')",10
1001,"('erwerb', 'selbstgenutzt', 'wohneigentum', 'finanzier', 'baulich')",10
1002,"('wohneigentum', 'finanzier', 'baulich', 'energiespar', 'umweltschutzmassnahm')",10
1003,"('stimm', 'enthalt', 'entschied', 'parlamentar', 'initiativ')",10
1004,"('grund', 'beantragt', 'bundesrat', 'ablehn', 'motion')",10
1005,"('antrag', 'kommissionsmehr', 'zuzustimm', 'antrag', 'mind')",10
1006,"('standerat', 'kommission', 'sozial', 'sich', 'gesund')",10
1007,"('bitt', 'antrag', 'kommissionsmehr', 'zuzustimm', 'antrag')",10
1008,"('bitt', 'antrag', 'mind', 'i', 'ii')",10
1009,"('grund', 'bitt', 'initiativ', 'ablehn', 'empfehl')",10
1010,"('kommission', 'folg', 'antrag', 'mind', 'abzulehn')",10
1011,"('schweizer', 'eidgenossenschaft', 'schutzt', 'freiheit', 'recht')",10
1012,"('eidgenossenschaft', 'schutzt', 'freiheit', 'recht', 'volk')",10
1013,"('schutzt', 'freiheit', 'recht', 'volk', 'wahrt')",10
1014,"('freiheit', 'recht', 'volk', 'wahrt', 'unabhang')",10
1015,"('recht', 'volk', 'wahrt', 'unabhang', 'sich')",10
1016,"('volk', 'wahrt', 'unabhang', 'sich', 'land')",10
1017,"('kommission', 'stimm', 'enthalt', 'abgelehnt', 'antrag')",10
1018,"('erheb', 'ungerechtfertigt', 'missverhaltnis', 'vertrag', 'recht')",10
1019,"('beantragt', 'kommission', 'parlamentar', 'initiativ', 'folg')",10
1020,"('schutz', 'geistig', 'eigentum', 'offent', 'beschaffungswes')",10
1021,"('musikal', 'bildung', 'insbesond', 'kind', 'jugend')",10
1022,"('hoh', 'qualitat', 'durchlass', 'bildungsraum', 'schweiz')",10
1023,"('bundesgesetz', 'ruckerstatt', 'unrechtmass', 'erworb', 'vermogenswert')",10
1024,"('bitt', 'deshalb', 'nam', 'fdpliberal', 'fraktion')",10
1025,"('kommission', 'empfiehlt', 'stimm', 'enthalt', 'motion')",10
1026,"('mensch', 'polit', 'erinner', 'behalt', 'nam')",10
1027,"('stimm', 'abgelehnt', 'bitt', 'kommissionsmehr', 'folg')",10
1028,"('bitt', 'kommissionsmehr', 'folg', 'parlamentar', 'initiativ')",10
1029,"('vermogenswert', 'ausland', 'polit', 'exponiert', 'person')",10
1030,"('endgult', 'recht', 'beruf', 'ehrenamt', 'tatig')",10
1031,"('montag', 'freitag', 'uhr', 'samstag', 'uhr')",10
1032,"('strategi', 'bund', 'berggebiet', 'landlich', 'raum')",10
1033,"('verhandl', 'eu', 'freihandelsabkomm', 'agrar', 'lebensmittelbereich')",10
1034,"('mind', 'artikel', 'absatz', 'buchstab', 'a')",10
1035,"('kommission', 'stimm', 'enthalt', 'antrag', 'mind')",10
1036,"('bundesgesetz', 'vermittl', 'schweizer', 'bildung', 'ausland')",10
1037,"('kommission', 'beantragt', 'dah', 'stimm', 'enthalt')",10
1038,"('kommission', 'beantragt', 'stimm', 'annahm', 'motion')",10
1039,"('vorbereitungskurs', 'eidgenoss', 'beruf', 'hoh', 'fachpruf')",10
1040,"('freiheitsstraf', 'funf', 'jahr', 'geldstraf', 'bestraft')",10
1041,"('initiativ', 'ablehn', 'empfehl', 'indirekt', 'gegenvorschlag')",10
1042,"('bitt', 'antrag', 'mind', 'aeschi', 'thomas')",10
1043,"('famili', 'stark', 'steuerfrei', 'kind', 'ausbildungszulag')",10
1044,"('antrag', 'mind', 'schenk', 'silvia', 'artikel')",10
1045,"('artikel', 'absatz', 'buchstab', 'd', 'geht')",10
1046,"('minderheitsantrag', 'aeschi', 'thomas', 'artikel', 'absatz')",10
1047,"('kommission', 'sozial', 'sich', 'gesund', 'rat')",10
1048,"('gesamtabstimm', 'wurd', 'entwurf', 'stimm', 'enthalt')",10
1049,"('antrag', 'kommission', 'stimm', 'enthalt', 'abgelehnt')",10
1050,"('motion', 'marz', 'stimm', 'enthalt', 'angenomm')",10
1051,"('artikel', 'absatz', 'artikel', 'absatz', 'zgb')",10
1052,"('projekt', 'bas', 'erosion', 'and', 'profit')",10
1053,"('versorg', 'bevolker', 'lebensmitteln', 'vielfalt', 'nachhalt')",10
1054,"('verteil', 'mach', 'darauf', 'aufmerksam', 'zettel')",10
1055,"('beim', 'staatssekretariat', 'bildung', 'forschung', 'innovation')",10
1056,"('tak', 'it', 'or', 'leav', 'it')",10
1057,"('bericht', 'bundesrat', 'erreich', 'strateg', 'ziel')",10
1058,"('pro', 'jahr', 'million', 'frank', 'mehr')",10
1059,"('bundesgesetz', 'international', 'automat', 'informationsaustausch', 'steuersach')",10
1060,"('schweiz', 'recht', 'statt', 'fremd', 'richt')",10
1061,"('bundesgesetz', 'forder', 'ausserschul', 'arbeit', 'kind')",10
1062,"('erklart', 'buro', 'festgestellt', 'wahl', 'herrn')",10
1063,"('mocht', 'beim', 'geltend', 'recht', 'bleib')",10
1064,"('volksinitiativ', 'mutt', 'kind', 'schutz', 'ungebor')",10
1065,"('bitt', 'dah', 'antrag', 'mind', 'zuzustimm')",10
1066,"('million', 'frank', 'total', 'million', 'frank')",10
1067,"('erreich', 'strateg', 'ziel', 'sbb', 'post')",10
1068,"('strateg', 'ziel', 'sbb', 'post', 'swisscom')",10
1069,"('bitt', 'antrag', 'mind', 'iii', 'zuzustimm')",10
1070,"('serienmass', 'hergestellt', 'anlag', 'fahrzeug', 'gerat')",10
1071,"('antrag', 'mind', 'ii', 'antrag', 'mind')",10
1072,"('genf', 'zentrum', 'sicherheitspolit', 'genf', 'international')",10
1073,"('zentrum', 'sicherheitspolit', 'genf', 'international', 'zentrum')",10
1074,"('sicherheitspolit', 'genf', 'international', 'zentrum', 'humanitar')",10
1075,"('anpass', 'kantonal', 'beitrag', 'innerkantonal', 'stationar')",10
1076,"('vorlag', 'einzutret', 'antrag', 'kommissionsmehr', 'folg')",10
1077,"('bund', 'kulturell', 'bestreb', 'gesamtschweizer', 'interess')",10
1078,"('platz', 'abgegeb', 'nachtrag', 'wahlzettel', 'mehr')",10
1079,"('abgegeb', 'nachtrag', 'wahlzettel', 'mehr', 'verteilt')",10
1080,"('war', 'buro', 'beantragt', 'wahl', 'frau')",10
1081,"('bundesgesetz', 'steu', 'entlast', 'famili', 'kind')",10
1082,"('schweiz', 'halt', 'bildung', 'forschung', 'innovation')",10
1083,"('halt', 'bildung', 'forschung', 'innovation', 'spitzenplatz')",10
1084,"('million', 'frank', 'million', 'frank', 'erhoht')",10
1085,"('zivil', 'baut', 'hoh', 'million', 'frank')",10
1086,"('antrag', 'kommissionsmehr', 'bundesrat', 'entwurf', 'zuzustimm')",10
1087,"('tat', 'offent', 'interess', 'verletzt', 'gefahrdet')",10
1088,"('integration', 'eidgenoss', 'alkoholverwalt', 'eidgenoss', 'zollverwalt')",10
1089,"('forder', 'international', 'mobilitat', 'bildung', 'jahr')",10
1090,"('einnahm', 'milliard', 'frank', 'ausgab', 'milliard')",10
1091,"('volksinitiativ', 'solidaritat', 'schafft', 'sich', 'freiwill')",10
1092,"('gleichstell', 'mann', 'frau', 'famili', 'ausbild')",10
1093,"('mann', 'frau', 'famili', 'ausbild', 'arbeit')",10
1094,"('departement', 'sowi', 'behord', 'gericht', 'gepruft')",10
1095,"('gesund', 'bundeshaushalt', 'sowi', 'effizient', 'staatlich')",10
1096,"('bundeshaushalt', 'sowi', 'effizient', 'staatlich', 'institution')",10
1097,"('schweiz', 'regional', 'global', 'gut', 'positioniert')",10
1098,"('global', 'gut', 'positioniert', 'einfluss', 'international')",10
1099,"('gut', 'positioniert', 'einfluss', 'international', 'kontext')",10
1100,"('positioniert', 'einfluss', 'international', 'kontext', 'gestarkt')",10
1101,"('schweiz', 'nutzt', 'energi', 'ressourc', 'nachhalt')",10
1102,"('nutzt', 'energi', 'ressourc', 'nachhalt', 'effizient')",10
1103,"('sperrung', 'ruckerstatt', 'unrechtmass', 'erworb', 'vermogenswert')",10
1104,"('betrag', 'milliard', 'frank', 'lieg', 'million')",10
1105,"('voranschlag', 'bereich', 'eidgenoss', 'technisch', 'hochschul')",10
1106,"('position', 'finanziell', 'unterstutz', 'humanitar', 'aktion')",10
