,Phrase,qui
0,"('nam', 'svpfraktion')",0.00019159534117905313
1,"('sicherheitspolit', 'bericht')",7.973950422813254e-05
2,"('patientinn', 'patient')",7.340932992048137e-05
3,"('million', 'frank')",7.290988278347245e-05
4,"('frau', 'kollegin')",6.412928148823304e-05
5,"('konsumentinn', 'konsument')",6.246411563250043e-05
6,"('frau', 'bundesratin')",3.9181991523345155e-05
7,"('link', 'seit')",3.337215081361891e-05
8,"('europa', 'union')",3.038147791717836e-05
9,"('erneuerbar', 'energi')",2.959287793460183e-05
10,"('arbeitnehmerinn', 'arbeitnehm')",2.885287351841688e-05
11,"('z', 'b')",2.8777838922466427e-05
12,"('uns', 'meinung')",2.6525516236669095e-05
13,"('pro', 'helvetia')",2.6426426790410973e-05
14,"('kind', 'jugend')",2.6315737595764758e-05
15,"('svpfraktion', 'mehrheit')",2.6039295321992652e-05
16,"('mittl', 'einkomm')",2.574918587399307e-05
17,"('herr', 'kaufmann')",2.4705913597246684e-05
18,"('sicht', 'bundesrat')",2.4318381521979556e-05
19,"('rund', 'million')",2.416449748687771e-05
20,"('ganz', 'wichtig')",2.389905541793856e-05
21,"('sbb', 'cargo')",2.3799277074815484e-05
22,"('frau', 'fehr')",2.2813799294211147e-05
23,"('kommission', 'rechtsfrag')",2.2632563418106765e-05
24,"('svpfraktion', 'antrag')",2.2456966938596096e-05
25,"('technisch', 'vorschrift')",2.153855368809052e-05
26,"('arme', 'xxi')",2.0951947306574004e-05
27,"('kalt', 'progression')",2.0493066794887826e-05
28,"('mieterinn', 'miet')",2.0399928842187574e-05
29,"('frau', 'bundesprasidentin')",2.017508598156565e-05
30,"('herr', 'stamm')",1.9992252429703802e-05
31,"('nam', 'kommissionsmind')",1.9854626789762846e-05
32,"('klar', 'meinung')",1.9206477692680248e-05
33,"('milliard', 'frank')",1.907307755182896e-05
34,"('herr', 'bor')",1.8937803066744524e-05
35,"('hoh', 'einkomm')",1.886623010404614e-05
36,"('kommissionssprech', 'gesagt')",1.868849515296207e-05
37,"('frau', 'meierschatz')",1.8327693863101533e-05
38,"('staatspolit', 'kommission')",1.7942632349943684e-05
39,"('arztinn', 'arzt')",1.774589111625546e-05
40,"('mehrheit', 'svpfraktion')",1.771565325614202e-05
41,"('recht', 'herzlich')",1.7434525845853825e-05
42,"('herr', 'bundesrat')",1.7243873570761522e-05
43,"('mind', 'abzulehn')",1.7172489361188298e-05
44,"('angehor', 'arme')",1.7096184998388204e-05
45,"('darauf', 'hinweis')",1.675347648745925e-05
46,"('steuerzahlerinn', 'steuerzahl')",1.6511980604899383e-05
47,"('mocht', 'folgend')",1.6488844478756897e-05
48,"('neu', 'steu')",1.644748673957138e-05
49,"('beid', 'grossbank')",1.627285227767899e-05
50,"('chef', 'arme')",1.6063467484653515e-05
51,"('svpfraktion', 'vorlag')",1.6003048065202306e-05
52,"('herr', 'bortoluzzi')",1.5658378037872505e-05
53,"('mocht', 'darauf')",1.5511362132830932e-05
54,"('tief', 'einkomm')",1.5389790481807698e-05
55,"('betroff', 'person')",1.536611737473821e-05
56,"('all', 'grund')",1.5294084400094213e-05
57,"('herr', 'schwand')",1.5249254410853513e-05
58,"('sozial', 'okolog')",1.52285665356553e-05
59,"('ruckzahlbar', 'darleh')",1.5098668982443074e-05
60,"('initiantinn', 'initiant')",1.4587933033210358e-05
61,"('christoph', 'bloch')",1.4427918404760893e-05
62,"('herr', 'bind')",1.4393174939070357e-05
63,"('herr', 'loepf')",1.4393174939070357e-05
64,"('artikel', 'stgb')",1.4206630905745354e-05
65,"('unternehmenssteuerreform', 'ii')",1.4117920540607258e-05
66,"('herr', 'morgeli')",1.3948113811172449e-05
67,"('bitt', 'initiativ')",1.3928905018428906e-05
68,"('still', 'reserv')",1.3826640250294989e-05
69,"('einheit', 'materi')",1.3759877570033525e-05
70,"('sich', 'land')",1.3735943730625878e-05
71,"('kanton', 'baselstadt')",1.3552755135581815e-05
72,"('rentnerinn', 'rentn')",1.3511821383955545e-05
73,"('ganz', 'gross')",1.3224693687566601e-05
74,"('bitt', 'artikel')",1.3200735586580763e-05
75,"('stellt', 'frag')",1.3155667534770578e-05
76,"('schweizerinn', 'schweiz')",1.3060111244619394e-05
77,"('schweiz', 'bevolker')",1.2929360424083494e-05
78,"('neu', 'gesetz')",1.292911190238942e-05
79,"('folgend', 'grund')",1.2842782581519583e-05
80,"('burg', 'mehrheit')",1.2671279713378939e-05
81,"('sozialdemokrat', 'fraktion')",1.2616797488392141e-05
82,"('bedingt', 'ruckzahlbar')",1.2599486963046187e-05
83,"('land', 'bevolker')",1.2599486963046187e-05
84,"('administrativ', 'aufwand')",1.2582836094133302e-05
85,"('herr', 'baad')",1.2514106772774232e-05
86,"('hoh', 'preis')",1.2504420863472818e-05
87,"('svp', 'fdp')",1.2449659216308254e-05
88,"('beantrag', 'nam')",1.2448118321638027e-05
89,"('ehrlich', 'gesagt')",1.2425651776135263e-05
90,"('scheint', 'wichtig')",1.2298525239578064e-05
91,"('kanton', 'aargau')",1.2177042472820034e-05
92,"('arme', 'arme')",1.2106349572689801e-05
93,"('bilateral', 'hilf')",1.2034480350256675e-05
94,"('daran', 'erinn')",1.2016229447482576e-05
95,"('aktiv', 'markt')",1.1802656157288546e-05
96,"('mehrheit', 'spfraktion')",1.1802656157288546e-05
97,"('kanton', 'thurgau')",1.1774476029949725e-05
98,"('autonomi', 'hochschul')",1.1717678370563748e-05
99,"('ausgleich', 'kalt')",1.157119983373867e-05
100,"('flankier', 'massnahm')",1.1560746683878564e-05
101,"('vorschlag', 'gemacht')",1.1548037527414758e-05
102,"('dank', 'unterstutz')",1.1478018950830108e-05
103,"('bildung', 'forschung')",1.141258600368961e-05
104,"('dank', 'bauspar')",1.1406719896554292e-05
105,"('wand', 'dank')",1.1406719896554292e-05
106,"('patentgeschutzt', 'produkt')",1.1398931854424575e-05
107,"('vereinfach', 'steuersystem')",1.1398931854424575e-05
108,"('herr', 'lang')",1.122828345081984e-05
109,"('schwarz', 'list')",1.122828345081984e-05
110,"('herr', 'pfist')",1.1156170109126622e-05
111,"('schweiz', 'schul')",1.114733813672238e-05
112,"('uns', 'arme')",1.114733813672238e-05
113,"('stuf', 'bund')",1.1141241843258858e-05
114,"('verkehr', 'gebracht')",1.1123767908627286e-05
115,"('eig', 'vier')",1.1119890580060391e-05
116,"('grundsatz', 'uberleg')",1.1119890580060391e-05
117,"('vier', 'wand')",1.1119890580060391e-05
118,"('artikel', 'streich')",1.1079670603552987e-05
119,"('grund', 'warum')",1.099450315414844e-05
120,"('herr', 'freysing')",1.0764790472542636e-05
121,"('privilegiert', 'einlag')",1.0764790472542636e-05
122,"('ursprung', 'antrag')",1.0764790472542636e-05
123,"('kommission', 'schlagt')",1.075692579369056e-05
124,"('fassung', 'mehrheit')",1.0734580084900946e-05
125,"('herr', 'visch')",1.061627194840815e-05
126,"('lang', 'spiess')",1.0559903578912452e-05
127,"('person', 'waff')",1.054675116701709e-05
128,"('neu', 'indirekt')",1.0510278489350724e-05
129,"('ganz', 'bestimmt')",1.05039892099719e-05
130,"('seit', 'fahn')",1.0381862298948982e-05
131,"('jahrlich', 'wiederwahl')",1.0293917092779017e-05
132,"('aktionarinn', 'aktionar')",1.0163902204261573e-05
133,"('ungult', 'erklart')",1.013223962460335e-05
134,"('untergeordnet', 'bedeut')",1.013223962460335e-05
135,"('eben', 'gerad')",1.0054463262764828e-05
136,"('dringend', 'notwend')",1.0014894063421751e-05
137,"('anlass', 'sitzung')",1.0013140787537158e-05
138,"('rahm', 'eintret')",1.0013140787537158e-05
139,"('selbstgenutzt', 'wohneigentum')",1.0013140787537158e-05
140,"('alt', 'arbeitnehm')",9.886722512376547e-06
141,"('sri', 'lanka')",9.886722512376547e-06
142,"('vorh', 'gesagt')",9.886722512376547e-06
143,"('flexibl', 'rentenalt')",9.86507501391647e-06
144,"('herr', 'schibli')",9.86507501391647e-06
145,"('herrn', 'kaufmann')",9.86507501391647e-06
146,"('international', 'arbeitsorganisation')",9.86507501391647e-06
147,"('jung', 'arbeitslos')",9.86507501391647e-06
148,"('besteuer', 'wirtschaft')",9.732599962567085e-06
149,"('darum', 'bitt')",9.712704620858693e-06
150,"('schon', 'mehrfach')",9.602140792386097e-06
151,"('bundeshaus', 'ost')",9.58338211357578e-06
152,"('uns', 'sicht')",9.582843286964803e-06
153,"('international', 'erschopf')",9.532716939090368e-06
154,"('gemass', 'artikel')",9.462841386327779e-06
155,"('ganz', 'schweiz')",9.454410959139865e-06
156,"('auslanderinn', 'ausland')",9.404397792556378e-06
157,"('herr', 'aeschbach')",9.35659445435931e-06
158,"('gewiss', 'kreis')",9.319759083205366e-06
159,"('luftfahrtpolit', 'bericht')",9.319759083205366e-06
160,"('toni', 'brunn')",9.319759083205366e-06
161,"('bess', 'gesagt')",9.272269148687221e-06
162,"('carobbio', 'guscetti')",9.272269148687221e-06
163,"('ganz', 'klein')",9.272269148687221e-06
164,"('nationalrat', 'motion')",9.253250703343098e-06
165,"('einzeln', 'ratsmitglied')",9.220674224547806e-06
166,"('erstell', 'konzernrechn')",9.220674224547806e-06
167,"('biomedizin', 'forschung')",9.193594236824784e-06
168,"('steu', 'abgab')",9.183002694031379e-06
169,"('bitt', 'antrag')",9.170033109505259e-06
170,"('wiss', 'darum')",9.143578628526158e-06
171,"('gesetz', 'schreib')",9.083398868905613e-06
172,"('seit', 'lang')",9.077063466060748e-06
173,"('absatz', 'kommission')",9.060850551925865e-06
174,"('recht', 'gesagt')",9.060850551925865e-06
175,"('interess', 'daran')",9.057766651863153e-06
176,"('etwa', 'million')",9.01852059978758e-06
177,"('schon', 'mehrmal')",8.886140208146369e-06
178,"('kommissionsmind', 'bitt')",8.873968270969391e-06
179,"('vier', 'woch')",8.873968270969391e-06
180,"('erhoh', 'frauenrentenalt')",8.8728178962316e-06
181,"('seit', 'leg')",8.8728178962316e-06
182,"('betrag', 'million')",8.864350039836699e-06
183,"('wirtschaft', 'leistungsfah')",8.802558975124413e-06
184,"('mensch', 'behinder')",8.660980673891216e-06
185,"('artikel', 'neu')",8.633263082281436e-06
186,"('frank', 'einspar')",8.629127366191986e-06
187,"('gegenub', 'voranschlag')",8.629127366191986e-06
188,"('leb', 'lang')",8.629127366191986e-06
189,"('mittel', 'langfrist')",8.629127366191986e-06
190,"('teil', 'b')",8.614138973208947e-06
191,"('tot', 'buchstab')",8.577217613962982e-06
192,"('verwaltungsrat', 'ubs')",8.577217613962982e-06
193,"('zwei', 'vorlag')",8.547928514427413e-06
194,"('treu', 'glaub')",8.543471810955006e-06
195,"('bundesrat', 'schneiderammann')",8.539823124409108e-06
196,"('gesetz', 'vorgeseh')",8.493731347549561e-06
197,"('kundinn', 'kund')",8.493731347549561e-06
198,"('rund', 'tisch')",8.493731347549561e-06
199,"('gleich', 'behandeln')",8.482141587916736e-06
200,"('besteht', 'gefahr')",8.472318702653989e-06
201,"('frau', 'fassl')",8.472318702653989e-06
202,"('kommission', 'mocht')",8.417195083606163e-06
203,"('richterinn', 'richt')",8.376022836775745e-06
204,"('burg', 'partei')",8.351552247984886e-06
205,"('mocht', 'kurz')",8.26865888153737e-06
206,"('exponiert', 'person')",8.246514744349343e-06
207,"('la', 'confédération')",8.246514744349343e-06
208,"('deshalb', 'bitt')",8.204174032872834e-06
209,"('geld', 'verteil')",8.165899595097964e-06
210,"('kolleg', 'leuenberg')",8.165899595097964e-06
211,"('vorlieg', 'volksinitiativ')",8.165899595097964e-06
212,"('einzutret', 'zuzustimm')",8.15025813003823e-06
213,"('nationalrat', 'festzuhalt')",8.01991062999061e-06
214,"('wurd', 'seit')",8.01991062999061e-06
215,"('volkerrecht', 'vertrag')",7.969957107200394e-06
216,"('absolut', 'notwend')",7.94170380339813e-06
217,"('auftrag', 'erfull')",7.94170380339813e-06
218,"('behandeln', 'lass')",7.934882048060263e-06
219,"('erschopf', 'gelt')",7.934882048060263e-06
220,"('famili', 'beruf')",7.934882048060263e-06
221,"('pflicht', 'erstell')",7.934882048060263e-06
222,"('bzw', 'prozent')",7.919109035644818e-06
223,"('international', 'ubereinkomm')",7.919109035644818e-06
224,"('gleich', 'lang')",7.887708389663946e-06
225,"('stiftung', 'pro')",7.85679183259652e-06
226,"('offent', 'hand')",7.802307949266191e-06
227,"('ganz', 'konkret')",7.798248556190572e-06
228,"('ganz', 'besond')",7.755351609969072e-06
229,"('ja', 'wohl')",7.670237271688269e-06
230,"('losung', 'bundesrat')",7.6357894746575e-06
231,"('ausserordent', 'kundig')",7.622961487870318e-06
232,"('einkomm', 'vermog')",7.622961487870318e-06
233,"('mocht', 'zunach')",7.622961487870318e-06
234,"('polit', 'exponiert')",7.622961487870318e-06
235,"('relativ', 'method')",7.622961487870318e-06
236,"('schenk', 'silvia')",7.622961487870318e-06
237,"('schon', 'vorh')",7.622961487870318e-06
238,"('vorzeit', 'pensionier')",7.622961487870318e-06
239,"('ja', 'nein')",7.6014327065457734e-06
240,"('qualitativ', 'hochsteh')",7.573710221848284e-06
241,"('vorlieg', 'gesetz')",7.542705584699514e-06
242,"('nach', 'woch')",7.48186323055502e-06
243,"('herr', 'jositsch')",7.459464124711068e-06
244,"('jahr', 'darub')",7.459464124711068e-06
245,"('klar', 'verhaltnis')",7.459464124711068e-06
246,"('meinung', 'motion')",7.459464124711068e-06
247,"('million', 'einwohn')",7.459464124711068e-06
248,"('ort', 'quartierub')",7.459464124711068e-06
249,"('schon', 'tag')",7.459464124711068e-06
250,"('volkerrecht', 'landesrecht')",7.459464124711068e-06
251,"('vollig', 'frei')",7.459464124711068e-06
252,"('wettbewerb', 'hochschul')",7.459464124711068e-06
253,"('zustand', 'bund')",7.459464124711068e-06
254,"('hansrudolf', 'merz')",7.44962420637303e-06
255,"('mehrheit', 'buros')",7.44962420637303e-06
256,"('dafur', 'sorg')",7.4455011356047245e-06
257,"('deshalb', 'kommission')",7.441398920899005e-06
258,"('natur', 'schon')",7.441211282852609e-06
259,"('sag', 'ja')",7.411584916567339e-06
260,"('mehrfach', 'gesagt')",7.3649805136200744e-06
261,"('rat', 'bereit')",7.3649805136200744e-06
262,"('technisch', 'handelshemmnis')",7.3649805136200744e-06
263,"('daran', 'denk')",7.3587758247860704e-06
264,"('herr', 'messm')",7.3587758247860704e-06
265,"('meist', 'fall')",7.341164858824997e-06
266,"('deutlich', 'mehr')",7.340522015357404e-06
267,"('der', 'preis')",7.293891556977951e-06
268,"('energi', 'schweiz')",7.293891556977951e-06
269,"('ganz', 'ausdruck')",7.293891556977951e-06
270,"('gesetz', 'kraft')",7.293891556977951e-06
271,"('herr', 'burg')",7.293891556977951e-06
272,"('inhalt', 'grund')",7.293891556977951e-06
273,"('mind', 'bind')",7.293891556977951e-06
274,"('produkt', 'staatlich')",7.293891556977951e-06
275,"('spfraktion', 'beantragt')",7.293891556977951e-06
276,"('wichtig', 'sag')",7.293891556977951e-06
277,"('elt', 'kind')",7.258054365702111e-06
278,"('gentechn', 'verandert')",7.258054365702111e-06
279,"('neu', 'element')",7.258054365702111e-06
280,"('rahmenbeding', 'schaff')",7.258054365702111e-06
281,"('artikel', 'absatz')",7.229165906040618e-06
282,"('folgend', 'bemerk')",7.218918327170772e-06
283,"('herr', 'gross')",7.218918327170772e-06
284,"('kommend', 'generation')",7.218918327170772e-06
285,"('doppelt', 'strafbar')",7.217083035191796e-06
286,"('kanton', 'glarus')",7.196056444809322e-06
287,"('kolleg', 'fehr')",7.196056444809322e-06
288,"('landesindex', 'konsumentenpreis')",7.196056444809322e-06
289,"('wohl', 'kaum')",7.157264960901073e-06
290,"('kanton', 'basellandschaft')",7.14207275071994e-06
291,"('too', 'big')",7.125083835165603e-06
292,"('ja', 'schon')",7.096689948967142e-06
293,"('deshalb', 'braucht')",7.06366717078853e-06
294,"('mocht', 'zuerst')",7.06366717078853e-06
295,"('rumani', 'bulgari')",7.0208608752082435e-06
296,"('datenschutz', 'offentlichkeitsbeauftragt')",7.00261629369582e-06
297,"('fdp', 'svp')",7.00261629369582e-06
298,"('hofmann', 'han')",7.00261629369582e-06
299,"('initiativ', 'hofmann')",7.00261629369582e-06
300,"('psychisch', 'krankheit')",7.00261629369582e-06
301,"('sur', 'le')",7.00261629369582e-06
302,"('vorlieg', 'minderheitsantrag')",7.00261629369582e-06
303,"('aufheb', 'immunitat')",6.9739471021060835e-06
304,"('muss', 'entsprech')",6.9739471021060835e-06
305,"('geht', 'darum')",6.925854294360279e-06
306,"('kolleg', 'buttik')",6.921137207797111e-06
307,"('frag', 'gestellt')",6.86759631327759e-06
308,"('neu', 'antrag')",6.812502476445019e-06
309,"('wiss', 'genau')",6.812502476445019e-06
310,"('wohneigentum', 'erwerb')",6.812502476445019e-06
311,"('zivil', 'nachrichtendien')",6.812502476445019e-06
312,"('kredit', 'million')",6.7884164221452405e-06
313,"('weit', 'schritt')",6.7884164221452405e-06
314,"('fall', 'tinn')",6.785685375624932e-06
315,"('ganz', 'unterschied')",6.785685375624932e-06
316,"('initiativ', 'ungult')",6.785685375624932e-06
317,"('zweit', 'instanz')",6.785685375624932e-06
318,"('familienerganz', 'kinderbetreu')",6.778781456690561e-06
319,"('gut', 'ruf')",6.778781456690561e-06
320,"('ablehn', 'haltung')",6.755038525866469e-06
321,"('kind', 'fremdbetreu')",6.755038525866469e-06
322,"('kurt', 'furgl')",6.755038525866469e-06
323,"('schweiz', 'wald')",6.755038525866469e-06
324,"('volksinitiativ', 'sich')",6.755038525866469e-06
325,"('weiblich', 'genitalverstummel')",6.755038525866469e-06
326,"('big', 'to')",6.746115530793003e-06
327,"('direkt', 'gegenentwurf')",6.686350678253611e-06
328,"('ja', 'herr')",6.686030311589494e-06
329,"('herrn', 'david')",6.683235963694086e-06
330,"('antrag', 'herrn')",6.654534179465807e-06
331,"('beid', 'dien')",6.654534179465807e-06
332,"('schon', 'bish')",6.654534179465807e-06
333,"('svpfraktion', 'fdpliberal')",6.654534179465807e-06
334,"('frau', 'teusch')",6.650997226011729e-06
335,"('bereich', 'sich')",6.58613062063962e-06
336,"('herr', 'rechstein')",6.58613062063962e-06
337,"('tun', 'gut')",6.58613062063962e-06
338,"('zivil', 'behord')",6.58613062063962e-06
339,"('bitt', 'volksinitiativ')",6.5788865167023254e-06
340,"('erwahnt', 'grund')",6.5788865167023254e-06
341,"('fritz', 'schiess')",6.5788865167023254e-06
342,"('meinung', 'falsch')",6.5788865167023254e-06
343,"('samtlich', 'minderheitsantrag')",6.5788865167023254e-06
344,"('stellung', 'bezieh')",6.5788865167023254e-06
345,"('uns', 'fraktion')",6.5576475034947136e-06
346,"('gegenub', 'schweiz')",6.541507296111396e-06
347,"('gesund', 'menschenverstand')",6.541507296111396e-06
348,"('kollegin', 'fetz')",6.541507296111396e-06
349,"('schweiz', 'bau')",6.541507296111396e-06
350,"('deshalb', 'initiativ')",6.448056860047322e-06
351,"('eintret', 'gesagt')",6.448056860047322e-06
352,"('griffig', 'massnahm')",6.448056860047322e-06
353,"('kraft', 'tret')",6.433669223854227e-06
354,"('stell', 'antrag')",6.410339819011061e-06
355,"('bitt', 'ebenfall')",6.3989274088269085e-06
356,"('herrn', 'mind')",6.3989274088269085e-06
357,"('hoh', 'steu')",6.3989274088269085e-06
358,"('deutschland', 'osterreich')",6.386045132704353e-06
359,"('geburtstag', 'gratuli')",6.386045132704353e-06
360,"('gegenub', 'kanton')",6.386045132704353e-06
361,"('genau', 'angeschaut')",6.386045132704353e-06
362,"('kantonal', 'reserv')",6.386045132704353e-06
363,"('obergrenz', 'frank')",6.386045132704353e-06
364,"('rechtsfrag', 'beantragt')",6.386045132704353e-06
365,"('schweiz', 'finanzplatz')",6.386045132704353e-06
366,"('ordent', 'revision')",6.3604753802451995e-06
367,"('zusamm', 'kanton')",6.344209627603424e-06
368,"('à', 'la')",6.344209627603424e-06
369,"('etwa', 'milliard')",6.296249574076917e-06
370,"('bund', 'kanton')",6.292625923516276e-06
371,"('dafur', 'dank')",6.273550499734774e-06
372,"('rasch', 'moglich')",6.273550499734774e-06
373,"('uberzeugt', 'davon')",6.273550499734774e-06
374,"('bestimm', 'hoh')",6.256967648310303e-06
375,"('dan', 'le')",6.256967648310303e-06
376,"('elektron', 'handel')",6.256967648310303e-06
377,"('formulier', 'standerat')",6.256967648310303e-06
378,"('heisst', 'ganz')",6.256967648310303e-06
379,"('polizei', 'aufgab')",6.256967648310303e-06
380,"('uberwieg', 'offent')",6.256967648310303e-06
381,"('herr', 'kolleg')",6.2524239489031265e-06
382,"('aufgab', 'staat')",6.245197604675301e-06
383,"('automat', 'informationsaustausch')",6.227035600011193e-06
384,"('beantrag', 'artikel')",6.227035600011193e-06
385,"('initiativ', 'abzulehn')",6.227035600011193e-06
386,"('muss', 'feststell')",6.227035600011193e-06
387,"('bundesamt', 'energi')",6.224017089416946e-06
388,"('bundesrat', 'selb')",6.224017089416946e-06
389,"('gesetz', 'klar')",6.224017089416946e-06
390,"('mind', 'visch')",6.224017089416946e-06
391,"('gemeind', 'kanton')",6.223824618779475e-06
392,"('biometr', 'dat')",6.212749691420028e-06
393,"('zuletzt', 'deshalb')",6.212749691420028e-06
394,"('erst', 'recht')",6.210717002862655e-06
395,"('mocht', 'daran')",6.203664578449013e-06
396,"('polit', 'verantwort')",6.201131778042276e-06
397,"('to', 'fail')",6.1786413427224055e-06
398,"('standerat', 'kommission')",6.176865462612705e-06
399,"('rund', 'milliard')",6.113344921075245e-06
400,"('bitt', 'kommissionsmehr')",6.0779959478467965e-06
401,"('dien', 'leist')",6.0779959478467965e-06
402,"('kost', 'million')",6.0779959478467965e-06
403,"('steuerpflicht', 'person')",6.06667236212106e-06
404,"('arme', 'braucht')",6.053125019975189e-06
405,"('ausbild', 'ausland')",6.053125019975189e-06
406,"('bitt', 'gesetz')",6.053125019975189e-06
407,"('gesamtkredit', 'million')",6.053125019975189e-06
408,"('kolleg', 'malama')",6.053125019975189e-06
409,"('muss', 'nachh')",6.053125019975189e-06
410,"('nein', 'geht')",6.053125019975189e-06
411,"('nimmt', 'rucksicht')",6.053125019975189e-06
412,"('schweizer', 'landesmuseum')",6.053125019975189e-06
413,"('teil', 'svpfraktion')",6.053125019975189e-06
414,"('teilt', 'meinung')",6.053125019975189e-06
415,"('verpflichtungskredit', 'zivil')",6.053125019975189e-06
416,"('volkswirtschaft', 'nutz')",6.053125019975189e-06
417,"('zustimm', 'motion')",6.053125019975189e-06
418,"('zweckgebund', 'einnahm')",6.053125019975189e-06
419,"('gesagt', 'wurd')",6.041434281283565e-06
420,"('votum', 'kolleg')",6.034131393922569e-06
421,"('geltend', 'gesetz')",6.0325539602194615e-06
422,"('beitritt', 'schweiz')",6.017186581581782e-06
423,"('darub', 'red')",6.017186581581782e-06
424,"('deza', 'seco')",6.017186581581782e-06
425,"('diskriminier', 'frau')",6.017186581581782e-06
426,"('gesetz', 'geschrieb')",6.017186581581782e-06
427,"('herr', 'wandfluh')",6.017186581581782e-06
428,"('herr', 'zuppig')",6.017186581581782e-06
429,"('komm', 'detailberat')",6.017186581581782e-06
430,"('muss', 'mehrheit')",6.017186581581782e-06
431,"('neu', 'institution')",6.017186581581782e-06
432,"('neu', 'revisionsrecht')",6.017186581581782e-06
433,"('privat', 'sicherheitsdien')",6.017186581581782e-06
434,"('beid', 'minderheitsantrag')",5.988555508794725e-06
435,"('land', 'mehr')",5.96160176988151e-06
436,"('wachstum', 'prozent')",5.96160176988151e-06
437,"('mind', 'schenk')",5.943112516396826e-06
438,"('darauf', 'hingewies')",5.936393408923637e-06
439,"('heutig', 'zeit')",5.909481666517259e-06
440,"('sag', 'schreib')",5.909481666517259e-06
441,"('rund', 'prozent')",5.90517648499911e-06
442,"('bevolker', 'land')",5.90509637695729e-06
443,"('braucht', 'entsprech')",5.90509637695729e-06
444,"('dank', 'beantwort')",5.90509637695729e-06
445,"('daran', 'arbeit')",5.90509637695729e-06
446,"('durchaus', 'meinung')",5.90509637695729e-06
447,"('einheim', 'bevolker')",5.90509637695729e-06
448,"('entspricht', 'eigent')",5.90509637695729e-06
449,"('erwerb', 'wohneigentum')",5.90509637695729e-06
450,"('gut', 'rahmenbeding')",5.90509637695729e-06
451,"('kolleg', 'fluri')",5.90509637695729e-06
452,"('mangel', 'beheb')",5.90509637695729e-06
453,"('wovon', 'sprech')",5.90509637695729e-06
454,"('bitt', 'all')",5.894175262032768e-06
455,"('bitt', 'kenntnis')",5.894175262032768e-06
456,"('dabei', 'wurd')",5.894175262032768e-06
457,"('folgend', 'jahr')",5.894175262032768e-06
458,"('frau', 'allemann')",5.894175262032768e-06
459,"('ja', 'frau')",5.894175262032768e-06
460,"('gleich', 'behandelt')",5.875507390198128e-06
461,"('ursprung', 'fassung')",5.8336163980312825e-06
462,"('national', 'erschopf')",5.8010377408294885e-06
463,"('richtig', 'richtung')",5.8001684078053075e-06
464,"('ebenso', 'wichtig')",5.773955468494502e-06
465,"('eidgenoss', 'bankenkommission')",5.773955468494502e-06
466,"('ganz', 'viel')",5.773955468494502e-06
467,"('geeignet', 'instrument')",5.773955468494502e-06
468,"('herr', 'hassl')",5.773955468494502e-06
469,"('kalt', 'bett')",5.773955468494502e-06
470,"('parallelimport', 'patentgeschutzt')",5.773955468494502e-06
471,"('stell', 'heut')",5.773955468494502e-06
472,"('uberhaupt', 'tun')",5.773955468494502e-06
473,"('word', 'erinn')",5.773955468494502e-06
474,"('macht', 'sinn')",5.754501944545156e-06
475,"('kommission', 'stimm')",5.754169211377812e-06
476,"('kommission', 'beschloss')",5.742704231543288e-06
477,"('grund', 'genomm')",5.712349168174583e-06
478,"('muss', 'bewusst')",5.712349168174583e-06
479,"('wirtschaftsstandort', 'schweiz')",5.708075372208776e-06
480,"('kommission', 'artikel')",5.677065949223137e-06
481,"('mocht', 'paar')",5.677065949223137e-06
482,"('neu', 'spitalfinanzier')",5.677065949223137e-06
483,"('unterstutz', 'bundesrat')",5.677065949223137e-06
484,"('bereit', 'mehrfach')",5.669496868232617e-06
485,"('bereit', 'prozent')",5.669496868232617e-06
486,"('biolog', 'landbau')",5.669496868232617e-06
487,"('friedlich', 'zusammenleb')",5.669496868232617e-06
488,"('gibt', 'beispiel')",5.669496868232617e-06
489,"('letzt', 'minut')",5.669496868232617e-06
490,"('redaktionell', 'ander')",5.669496868232617e-06
491,"('uberschuss', 'milliard')",5.669496868232617e-06
492,"('ubs', 'ag')",5.669496868232617e-06
493,"('frank', 'beim')",5.6481621612477765e-06
494,"('padagog', 'hochschul')",5.6481621612477765e-06
495,"('all', 'diejen')",5.647040537340365e-06
496,"('energet', 'sanier')",5.647040537340365e-06
497,"('entsprech', 'bestimm')",5.647040537340365e-06
498,"('kollegin', 'forst')",5.647040537340365e-06
499,"('nationalrat', 'folg')",5.64135095080689e-06
500,"('imm', 'moglich')",5.590613088631148e-06
501,"('mehrheit', 'find')",5.581003305145698e-06
502,"('absatz', 'bundesverfass')",5.540490452523016e-06
503,"('heut', 'geltend')",5.485767160056601e-06
504,"('artikel', 'gemass')",5.482692167592255e-06
505,"('einnahm', 'ausgab')",5.482692167592255e-06
506,"('geht', 'letztlich')",5.482692167592255e-06
507,"('systemrelevant', 'funktion')",5.482692167592255e-06
508,"('kommissionsmehr', 'folg')",5.451264098642547e-06
509,"('kriminell', 'ausland')",5.451264098642547e-06
510,"('politikerinn', 'polit')",5.447106996488097e-06
511,"('heut', 'bereit')",5.428906348568225e-06
512,"('vollig', 'neu')",5.426411767098646e-06
513,"('je', 'lang')",5.422584172950818e-06
514,"('frank', 'kost')",5.4192899393653185e-06
515,"('herr', 'david')",5.4192899393653185e-06
516,"('voll', 'ganz')",5.4192899393653185e-06
517,"('frau', 'mann')",5.399629585675968e-06
518,"('denk', 'daran')",5.399588045302183e-06
519,"('folgend', 'sag')",5.399588045302183e-06
520,"('aufsichtsbehord', 'bundesanwaltschaft')",5.382350984737087e-06
521,"('auss', 'nam')",5.382350984737087e-06
522,"('beruf', 'famili')",5.382350984737087e-06
523,"('bundesgesetz', 'auslanderinn')",5.382350984737087e-06
524,"('dageg', 'gewehrt')",5.382350984737087e-06
525,"('energieeffizienz', 'erneuerbar')",5.382350984737087e-06
526,"('fall', 'swissair')",5.382350984737087e-06
527,"('find', 'ganz')",5.382350984737087e-06
528,"('ganz', 'gern')",5.382350984737087e-06
529,"('genau', 'punkt')",5.382350984737087e-06
530,"('gestutzt', 'darauf')",5.382350984737087e-06
531,"('inkraftsetz', 'gesetz')",5.382350984737087e-06
532,"('militar', 'friedensforder')",5.382350984737087e-06
533,"('oberst', 'leitung')",5.382350984737087e-06
534,"('prozent', 'aktienkapital')",5.382350984737087e-06
535,"('prozent', 'frau')",5.382350984737087e-06
536,"('sag', 'adress')",5.382350984737087e-06
537,"('unheil', 'allianz')",5.382350984737087e-06
538,"('wichtig', 'deshalb')",5.382350984737087e-06
539,"('wurd', 'herrn')",5.382350984737087e-06
540,"('geb', 'polit')",5.354408454416632e-06
541,"('gut', 'art')",5.354408454416632e-06
542,"('insbesond', 'darum')",5.354408454416632e-06
543,"('klein', 'mittelbetrieb')",5.354408454416632e-06
544,"('kolleg', 'wasserfall')",5.354408454416632e-06
545,"('natur', 'heut')",5.354408454416632e-06
546,"('neu', 'kreditvereinbar')",5.354408454416632e-06
547,"('reimann', 'maximilian')",5.354408454416632e-06
548,"('rund', 'zwei')",5.354408454416632e-06
549,"('sei', 'darauf')",5.354408454416632e-06
550,"('sich', 'falsch')",5.354408454416632e-06
551,"('staatlich', 'eingriff')",5.354408454416632e-06
552,"('umgang', 'waff')",5.354408454416632e-06
553,"('ungleich', 'lang')",5.354408454416632e-06
554,"('uns', 'partei')",5.354408454416632e-06
555,"('volksinitiativ', 'eig')",5.354408454416632e-06
556,"('wohl', 'ubel')",5.354408454416632e-06
557,"('weiss', 'ja')",5.3465704553756175e-06
558,"('fall', 'ubs')",5.325675716786381e-06
559,"('vertreterinn', 'vertret')",5.325675716786381e-06
560,"('ganz', 'herzlich')",5.3094179043300854e-06
561,"('vorlag', 'zuzustimm')",5.279850499997507e-06
562,"('polit', 'entscheid')",5.2570787590522346e-06
563,"('arme', 'imm')",5.2553337770521776e-06
564,"('kommissionsmehr', 'unterstutz')",5.2553337770521776e-06
565,"('moglich', 'gegeb')",5.2553337770521776e-06
566,"('stund', 'tag')",5.2553337770521776e-06
567,"('vertritt', 'auffass')",5.2553337770521776e-06
568,"('allein', 'frag')",5.237836101471383e-06
569,"('besond', 'kostenintensiv')",5.237836101471383e-06
570,"('bisher', 'losung')",5.237836101471383e-06
571,"('burokrat', 'aufwand')",5.237836101471383e-06
572,"('geri', 'mull')",5.237836101471383e-06
573,"('herr', 'girod')",5.237836101471383e-06
574,"('heut', 'kanton')",5.237836101471383e-06
575,"('ja', 'gleich')",5.237836101471383e-06
576,"('jahr', 'land')",5.237836101471383e-06
577,"('nein', 'stimm')",5.237836101471383e-06
578,"('streich', 'artikel')",5.237836101471383e-06
579,"('streng', 'vorschrift')",5.237836101471383e-06
580,"('technisch', 'entwickl')",5.237836101471383e-06
581,"('darub', 'diskutiert')",5.225532551391878e-06
582,"('fehr', 'hansjurg')",5.22086420681626e-06
583,"('international', 'wettbewerb')",5.19081378491903e-06
584,"('losung', 'nationalrat')",5.19081378491903e-06
585,"('schweiz', 'unternehm')",5.19081378491903e-06
586,"('wesent', 'mehr')",5.19081378491903e-06
587,"('interess', 'land')",5.170659481891363e-06
588,"('argument', 'mehrheit')",5.167243421624972e-06
589,"('bericht', 'weiterentwickl')",5.167243421624972e-06
590,"('bestimm', 'wurd')",5.167243421624972e-06
591,"('dan', 'les')",5.167243421624972e-06
592,"('deutsch', 'deutlich')",5.167243421624972e-06
593,"('eidgenoss', 'institut')",5.167243421624972e-06
594,"('fair', 'steu')",5.167243421624972e-06
595,"('gibt', 'zweit')",5.167243421624972e-06
596,"('gut', 'ide')",5.167243421624972e-06
597,"('inhalt', 'diskussion')",5.167243421624972e-06
598,"('mehrheit', 'staatspolit')",5.167243421624972e-06
599,"('sag', 'mal')",5.167243421624972e-06
600,"('wenig', 'schwer')",5.167243421624972e-06
601,"('gross', 'bank')",5.1389045777437805e-06
602,"('heut', 'imm')",5.1389045777437805e-06
603,"('falsch', 'anreiz')",5.135842083055478e-06
604,"('daran', 'interessiert')",5.104863775462828e-06
605,"('integriert', 'versorgungsnetz')",5.089590147118436e-06
606,"('juli', 'kraft')",5.089590147118436e-06
607,"('regier', 'kanton')",5.089590147118436e-06
608,"('genau', 'anzuschau')",5.089243110859359e-06
609,"('herr', 'lustenberg')",5.089243110859359e-06
610,"('heutig', 'recht')",5.089243110859359e-06
611,"('kommission', 'entsprech')",5.089243110859359e-06
612,"('kommission', 'halt')",5.089243110859359e-06
613,"('rom', 'statut')",5.089243110859359e-06
614,"('sag', 'off')",5.089243110859359e-06
615,"('schweizer', 'volkswirtschaft')",5.089243110859359e-06
616,"('vollig', 'unabhang')",5.089243110859359e-06
617,"('frank', 'aufgestockt')",5.080539468037897e-06
618,"('kurz', 'sinn')",5.080539468037897e-06
619,"('mehrheit', 'beantragt')",5.080539468037897e-06
620,"('neu', 'zusatz')",5.080539468037897e-06
621,"('sorg', 'trag')",5.080539468037897e-06
622,"('heutig', 'zeitpunkt')",5.066624160354089e-06
623,"('mind', 'folg')",5.047605103926477e-06
624,"('bundesrat', 'folg')",5.025675017419012e-06
625,"('bundesprasident', 'merz')",5.0067935372696655e-06
626,"('frank', 'zusatz')",4.991406521636344e-06
627,"('ablehn', 'empfehl')",4.984237210131733e-06
628,"('absatz', 'streich')",4.984237210131733e-06
629,"('bundesratin', 'widmerschlumpf')",4.969352720401358e-06
630,"('heut', 'berat')",4.965663537487589e-06
631,"('gegenteil', 'fall')",4.960878231233051e-06
632,"('intensiv', 'diskussion')",4.960756539476284e-06
633,"('weit', 'million')",4.960756539476284e-06
634,"('entsprech', 'antrag')",4.953835913655492e-06
635,"('ganz', 'klar')",4.9519391678400494e-06
636,"('bundesrat', 'leuenberg')",4.918401071514078e-06
637,"('darauf', 'hinzuweis')",4.905325108413505e-06
638,"('abzulehn', 'antrag')",4.898679429704743e-06
639,"('aufgrund', 'tatsach')",4.898679429704743e-06
640,"('kind', 'selb')",4.898679429704743e-06
641,"('imm', 'mehr')",4.892403379162816e-06
642,"('offent', 'interess')",4.874727905457612e-06
643,"('wenig', 'weit')",4.834164996067166e-06
644,"('europa', 'menschenrechtskonvention')",4.827699912983513e-06
645,"('herr', 'wasserfall')",4.827699912983513e-06
646,"('mehr', 'bezahl')",4.799708435776305e-06
647,"('antrag', 'stadl')",4.750712236311318e-06
648,"('beid', 'gpk')",4.750712236311318e-06
649,"('beid', 'partei')",4.750712236311318e-06
650,"('beispiel', 'bereich')",4.750712236311318e-06
651,"('braucht', 'endlich')",4.750712236311318e-06
652,"('eig', 'tasch')",4.750712236311318e-06
653,"('erlaub', 'paar')",4.750712236311318e-06
654,"('erst', 'drei')",4.750712236311318e-06
655,"('expertinn', 'expert')",4.750712236311318e-06
656,"('festgelegt', 'preis')",4.750712236311318e-06
657,"('gemacht', 'namlich')",4.750712236311318e-06
658,"('genauso', 'gut')",4.750712236311318e-06
659,"('gesagt', 'bereit')",4.750712236311318e-06
660,"('gesundheitsforder', 'pravention')",4.750712236311318e-06
661,"('grundsatz', 'besteuer')",4.750712236311318e-06
662,"('kantonal', 'zulass')",4.750712236311318e-06
663,"('konjunkturell', 'massnahm')",4.750712236311318e-06
664,"('konzept', 'standerat')",4.750712236311318e-06
665,"('marktwirtschaft', 'instrument')",4.750712236311318e-06
666,"('massnahm', 'vorgeseh')",4.750712236311318e-06
667,"('mehr', 'steuergerecht')",4.750712236311318e-06
668,"('mind', 'goll')",4.750712236311318e-06
669,"('muss', 'zwei')",4.750712236311318e-06
670,"('preis', 'staatlich')",4.750712236311318e-06
671,"('recht', 'bereit')",4.750712236311318e-06
672,"('sag', 'gern')",4.750712236311318e-06
673,"('schon', 'ziemlich')",4.750712236311318e-06
674,"('spk', 'beantragt')",4.750712236311318e-06
675,"('verhaltnis', 'europa')",4.750712236311318e-06
676,"('vernehmlass', 'gegeb')",4.750712236311318e-06
677,"('wichtig', 'ja')",4.750712236311318e-06
678,"('zeit', 'wichtig')",4.750712236311318e-06
679,"('zentral', 'bestimm')",4.750712236311318e-06
680,"('zwei', 'grad')",4.750712236311318e-06
681,"('ausdehn', 'personenfreizug')",4.742536132439255e-06
682,"('denk', 'beispielsweis')",4.742536132439255e-06
683,"('frank', 'kostet')",4.742536132439255e-06
684,"('freie', 'wahl')",4.742536132439255e-06
685,"('ledig', 'prozent')",4.742536132439255e-06
686,"('motion', 'fordert')",4.742536132439255e-06
687,"('weiterentwickl', 'arme')",4.742536132439255e-06
688,"('massnahm', 'treff')",4.739211269300155e-06
689,"('militardien', 'leist')",4.738086582221812e-06
690,"('schweizer', 'nationalmuseum')",4.738086582221812e-06
691,"('verzicht', 'darauf')",4.738086582221812e-06
692,"('losung', 'problem')",4.732461622729549e-06
693,"('zwei', 'drittel')",4.719451843898246e-06
694,"('fail', 'problemat')",4.709069504337472e-06
695,"('wichtig', 'instrument')",4.702063586022958e-06
696,"('bundesrat', 'zuruckzuweis')",4.6871497383922866e-06
697,"('rahm', 'berat')",4.6871497383922866e-06
698,"('abzulehn', 'mehrheit')",4.681651961219333e-06
699,"('mehr', 'transparenz')",4.668949097144755e-06
700,"('bitt', 'vorlag')",4.663220079669039e-06
701,"('ausdehn', 'rumani')",4.659847615522775e-06
702,"('bier', 'wein')",4.659847615522775e-06
703,"('bundesbeschluss', 'betreff')",4.659847615522775e-06
704,"('bundesrat', 'darf')",4.659847615522775e-06
705,"('bundesratin', 'dank')",4.659847615522775e-06
706,"('eigent', 'grundsatz')",4.659847615522775e-06
707,"('einzelantrag', 'zuzustimm')",4.659847615522775e-06
708,"('enthalt', 'entwurf')",4.659847615522775e-06
709,"('erwerb', 'selbstgenutzt')",4.659847615522775e-06
710,"('fahrzeug', 'beschaff')",4.659847615522775e-06
711,"('frank', 'bewilligt')",4.659847615522775e-06
712,"('frank', 'umsatzerlos')",4.659847615522775e-06
713,"('gerad', 'heutig')",4.659847615522775e-06
714,"('gesund', 'klima')",4.659847615522775e-06
715,"('gibt', 'uns')",4.659847615522775e-06
716,"('grosst', 'problem')",4.659847615522775e-06
717,"('import', 'exportverkehr')",4.659847615522775e-06
718,"('initiativ', 'eig')",4.659847615522775e-06
719,"('international', 'organ')",4.659847615522775e-06
720,"('knapp', 'milliard')",4.659847615522775e-06
721,"('landlich', 'raum')",4.659847615522775e-06
722,"('mehr', 'hoh')",4.659847615522775e-06
723,"('museumspolit', 'bund')",4.659847615522775e-06
724,"('neu', 'fahrzeug')",4.659847615522775e-06
725,"('neu', 'vorschrift')",4.659847615522775e-06
726,"('pro', 'lit')",4.659847615522775e-06
727,"('rechtsstaat', 'prinzipi')",4.659847615522775e-06
728,"('ruckzahl', 'bevorschuss')",4.659847615522775e-06
729,"('schweiz', 'aussenpolit')",4.659847615522775e-06
730,"('schweiz', 'soldat')",4.659847615522775e-06
731,"('situation', 'seit')",4.659847615522775e-06
732,"('stellt', 'schon')",4.659847615522775e-06
733,"('straftat', 'kind')",4.659847615522775e-06
734,"('svp', 'klar')",4.659847615522775e-06
735,"('svp', 'steht')",4.659847615522775e-06
736,"('umsatzerlos', 'million')",4.659847615522775e-06
737,"('unhaltbar', 'zustand')",4.659847615522775e-06
738,"('unnot', 'belast')",4.659847615522775e-06
739,"('uns', 'motion')",4.659847615522775e-06
740,"('vierjahr', 'rahmenkredit')",4.659847615522775e-06
741,"('volk', 'mehr')",4.659847615522775e-06
742,"('vollig', 'einverstand')",4.659847615522775e-06
743,"('vorstoss', 'wurd')",4.659847615522775e-06
744,"('ziel', 'neu')",4.659847615522775e-06
745,"('direkt', 'bundessteu')",4.648219769044476e-06
746,"('letzt', 'mal')",4.639413363439244e-06
747,"('frag', 'ja')",4.639094534832042e-06
748,"('gibt', 'ganz')",4.639094534832042e-06
749,"('jahrlich', 'million')",4.6336497878954285e-06
750,"('problem', 'los')",4.6336497878954285e-06
751,"('bericht', 'wurd')",4.626574634268554e-06
752,"('best', 'losung')",4.626574634268554e-06
753,"('darf', 'bitt')",4.626574634268554e-06
754,"('fehl', 'platz')",4.626574634268554e-06
755,"('geld', 'sprech')",4.626574634268554e-06
756,"('gut', 'weg')",4.626574634268554e-06
757,"('klar', 'darauf')",4.626574634268554e-06
758,"('umfass', 'bericht')",4.626574634268554e-06
759,"('unterschied', 'auffass')",4.626574634268554e-06
760,"('wettbewerbsfah', 'schweiz')",4.626574634268554e-06
761,"('alpin', 'museum')",4.61067934994161e-06
762,"('bund', 'mehr')",4.61067934994161e-06
763,"('gesamt', 'bevolker')",4.61067934994161e-06
764,"('gewiss', 'kanton')",4.61067934994161e-06
765,"('privat', 'unternehm')",4.61067934994161e-06
766,"('seit', 'zehn')",4.61067934994161e-06
767,"('vergut', 'verwaltungsrat')",4.61067934994161e-06
768,"('arme', 'heut')",4.578612354481728e-06
769,"('besond', 'massnahm')",4.578612354481728e-06
770,"('daran', 'andert')",4.578612354481728e-06
771,"('definitiv', 'entscheid')",4.578612354481728e-06
772,"('deshalb', 'abzulehn')",4.578612354481728e-06
773,"('entsprech', 'handeln')",4.578612354481728e-06
774,"('frau', 'wyss')",4.578612354481728e-06
775,"('gerad', 'heut')",4.578612354481728e-06
776,"('immateriell', 'kulturerb')",4.578612354481728e-06
777,"('investition', 'tatig')",4.578612354481728e-06
778,"('ja', 'selbstverstand')",4.578612354481728e-06
779,"('lehn', 'initiativ')",4.578612354481728e-06
780,"('losung', 'vorschlag')",4.578612354481728e-06
781,"('muss', 'aufpass')",4.578612354481728e-06
782,"('parlament', 'mehr')",4.578612354481728e-06
783,"('praktisch', 'gleich')",4.578612354481728e-06
784,"('schon', 'seh')",4.578612354481728e-06
785,"('sich', 'garanti')",4.578612354481728e-06
786,"('sport', 'schul')",4.578612354481728e-06
787,"('stark', 'schweiz')",4.578612354481728e-06
788,"('tisch', 'lieg')",4.578612354481728e-06
789,"('unternehmer', 'freiheit')",4.578612354481728e-06
790,"('weit', 'ausbau')",4.578612354481728e-06
791,"('wiss', 'wohin')",4.578612354481728e-06
792,"('zustimm', 'geb')",4.578612354481728e-06
793,"('zustimm', 'minderheitsantrag')",4.578612354481728e-06
794,"('zwei', 'vorstoss')",4.578612354481728e-06
795,"('beid', 'mind')",4.5670611471003315e-06
796,"('beim', 'ausgleich')",4.5670611471003315e-06
797,"('besteht', 'eben')",4.5670611471003315e-06
798,"('folg', 'kalt')",4.5670611471003315e-06
799,"('formal', 'grund')",4.5670611471003315e-06
800,"('indirekt', 'auskunftsrecht')",4.5670611471003315e-06
801,"('rat', 'behandelt')",4.5670611471003315e-06
802,"('rechnung', 'gestellt')",4.5670611471003315e-06
803,"('finanziell', 'mittel')",4.55009996838709e-06
804,"('vier', 'funf')",4.5433518029112896e-06
805,"('ausbildungsdien', 'ausland')",4.541637201233601e-06
806,"('daran', 'festhalt')",4.541637201233601e-06
807,"('klar', 'entscheid')",4.541637201233601e-06
808,"('mehrheit', 'bevolker')",4.541637201233601e-06
809,"('mitglied', 'geschaftsleit')",4.541637201233601e-06
810,"('verbrech', 'menschlich')",4.541637201233601e-06
811,"('postulat', 'anzunehm')",4.525935149875858e-06
812,"('artikel', 'vorlag')",4.525573740336064e-06
813,"('kolleg', 'visch')",4.525573740336064e-06
814,"('teil', 'auffass')",4.525573740336064e-06
815,"('aug', 'gefasst')",4.517479810669459e-06
816,"('dafur', 'sorgt')",4.517479810669459e-06
817,"('frag', 'gibt')",4.517479810669459e-06
818,"('ganz', 'ehrlich')",4.517479810669459e-06
819,"('genau', 'sag')",4.517479810669459e-06
820,"('gibt', 'seit')",4.517479810669459e-06
821,"('gross', 'rat')",4.517479810669459e-06
822,"('sag', 'erst')",4.517479810669459e-06
823,"('teil', 'ansicht')",4.517479810669459e-06
824,"('mind', 'iii')",4.5128805475439225e-06
825,"('war', 'froh')",4.5128805475439225e-06
826,"('ganz', 'wesent')",4.4853722716615016e-06
827,"('moritz', 'leuenberg')",4.4853722716615016e-06
828,"('bereit', 'gesagt')",4.476823635076327e-06
829,"('prozent', 'prozent')",4.475912554359821e-06
830,"('neu', 'artikel')",4.475393777530149e-06
831,"('geht', 'eigent')",4.474187434747846e-06
832,"('lang', 'je')",4.474187434747846e-06
833,"('deshalb', 'wichtig')",4.462501779892791e-06
834,"('deshalb', 'motion')",4.457185348605379e-06
835,"('drei', 'woch')",4.457185348605379e-06
836,"('falsch', 'richtung')",4.442981825008519e-06
837,"('frank', 'gesproch')",4.442981825008519e-06
838,"('frank', 'sprech')",4.442981825008519e-06
839,"('klarheit', 'schaff')",4.442981825008519e-06
840,"('vorgeschlag', 'massnahm')",4.442981825008519e-06
841,"('fruh', 'spat')",4.435479815812417e-06
842,"('gesetz', 'verordn')",4.435479815812417e-06
843,"('herr', 'hammerl')",4.435479815812417e-06
844,"('kolleg', 'maiss')",4.3707577250928505e-06
845,"('hoh', 'vergut')",4.36720050698677e-06
846,"('bitt', 'mind')",4.354971343670302e-06
847,"('lehn', 'antrag')",4.340756556276387e-06
848,"('sinnvoll', 'war')",4.340756556276387e-06
849,"('volksinitiativ', 'abzockerei')",4.340756556276387e-06
850,"('bundesamt', 'kultur')",4.330355817057956e-06
851,"('bulgari', 'rumani')",4.330142000410092e-06
852,"('finanziell', 'mitteln')",4.327570599392127e-06
853,"('gewiss', 'sinn')",4.327570599392127e-06
854,"('neu', 'kampfflugzeug')",4.327570599392127e-06
855,"('wohnsitz', 'schweiz')",4.327570599392127e-06
856,"('geltend', 'gemacht')",4.316659477089703e-06
857,"('drei', 'monat')",4.28969459296472e-06
858,"('allgemein', 'wehrpflicht')",4.282082054264867e-06
859,"('pro', 'monat')",4.278951422414219e-06
860,"('anerkannt', 'standard')",4.249024575141401e-06
861,"('bundesrat', 'kompetenz')",4.249024575141401e-06
862,"('steu', 'bezahl')",4.243842709129069e-06
863,"('verlangt', 'bundesrat')",4.243842709129069e-06
864,"('zwei', 'punkt')",4.236331051583464e-06
865,"('person', 'meinung')",4.216751364822242e-06
866,"('massnahm', 'getroff')",4.212614921805577e-06
867,"('artikel', 'buchstab')",4.2117618251041825e-06
868,"('bundesratin', 'calmyrey')",4.2099952332575254e-06
869,"('frau', 'lachenmei')",4.2099952332575254e-06
870,"('kombiniert', 'verkehr')",4.2099952332575254e-06
871,"('meinung', 'sollt')",4.2099952332575254e-06
872,"('rahmenkredit', 'million')",4.2099952332575254e-06
873,"('red', 'kurz')",4.2099952332575254e-06
874,"('wirklich', 'sinn')",4.2099952332575254e-06
875,"('besond', 'wichtig')",4.208525455496407e-06
876,"('dank', 'herr')",4.208525455496407e-06
877,"('dritt', 'mal')",4.208525455496407e-06
878,"('grund', 'antrag')",4.208525455496407e-06
879,"('grund', 'bundesrat')",4.208525455496407e-06
880,"('natur', 'sag')",4.208525455496407e-06
881,"('zwei', 'moglich')",4.208525455496407e-06
882,"('sicherheitspolit', 'kommission')",4.195032670336956e-06
883,"('bundesprasident', 'couchepin')",4.186061042910401e-06
884,"('heutig', 'sicht')",4.186061042910401e-06
885,"('kurz', 'bemerk')",4.186061042910401e-06
886,"('stimm', 'entschied')",4.1846382555294745e-06
887,"('de', 'la')",4.163954186459555e-06
888,"('eigent', 'gleich')",4.151331468682931e-06
889,"('neu', 'verfassungsartikel')",4.151331468682931e-06
890,"('plus', 'prozent')",4.151331468682931e-06
891,"('viel', 'mehr')",4.151331468682931e-06
892,"('weit', 'bemerk')",4.151331468682931e-06
893,"('amtshilf', 'steuersach')",4.123229122636638e-06
894,"('anlegerinn', 'anleg')",4.123229122636638e-06
895,"('anteil', 'multilateral')",4.123229122636638e-06
896,"('antrag', 'standerat')",4.123229122636638e-06
897,"('arzt', 'arztinn')",4.123229122636638e-06
898,"('beid', 'gross')",4.123229122636638e-06
899,"('bundesrat', 'begrusst')",4.123229122636638e-06
900,"('bundesrat', 'forder')",4.123229122636638e-06
901,"('bundesrat', 'lang')",4.123229122636638e-06
902,"('delegation', 'bundesrat')",4.123229122636638e-06
903,"('deshalb', 'unterstutzt')",4.123229122636638e-06
904,"('dezidiert', 'ansicht')",4.123229122636638e-06
905,"('eben', 'unterschied')",4.123229122636638e-06
906,"('einfuhr', 'drg')",4.123229122636638e-06
907,"('erst', 'neu')",4.123229122636638e-06
908,"('ersuch', 'motion')",4.123229122636638e-06
909,"('gab', 'ja')",4.123229122636638e-06
910,"('gehend', 'bestimm')",4.123229122636638e-06
911,"('gemacht', 'deshalb')",4.123229122636638e-06
912,"('gesetz', 'festhalt')",4.123229122636638e-06
913,"('gesetz', 'selb')",4.123229122636638e-06
914,"('gibt', 'paar')",4.123229122636638e-06
915,"('glaub', 'verletz')",4.123229122636638e-06
916,"('grundsatz', 'verbot')",4.123229122636638e-06
917,"('hor', 'imm')",4.123229122636638e-06
918,"('information', 'erhalt')",4.123229122636638e-06
919,"('innerhalb', 'eu')",4.123229122636638e-06
920,"('ja', 'beschloss')",4.123229122636638e-06
921,"('klar', 'mehr')",4.123229122636638e-06
922,"('kommission', 'gehort')",4.123229122636638e-06
923,"('kurz', 'erklar')",4.123229122636638e-06
924,"('lang', 'fallig')",4.123229122636638e-06
925,"('leistung', 'mehrwertsteu')",4.123229122636638e-06
926,"('mehr', 'stabilitat')",4.123229122636638e-06
927,"('mehrfach', 'gehort')",4.123229122636638e-06
928,"('motion', 'schweig')",4.123229122636638e-06
929,"('namlich', 'frank')",4.123229122636638e-06
930,"('problem', 'heut')",4.123229122636638e-06
931,"('punkt', 'initiativ')",4.123229122636638e-06
932,"('rahm', 'vernehmlass')",4.123229122636638e-06
933,"('rechtsfrag', 'folg')",4.123229122636638e-06
934,"('richtig', 'zugehort')",4.123229122636638e-06
935,"('rustungskontroll', 'abrustungspolit')",4.123229122636638e-06
936,"('sag', 'antwort')",4.123229122636638e-06
937,"('sag', 'desweg')",4.123229122636638e-06
938,"('sag', 'person')",4.123229122636638e-06
939,"('sag', 'wirklich')",4.123229122636638e-06
940,"('saub', 'finanzplatz')",4.123229122636638e-06
941,"('seit', 'spfraktion')",4.123229122636638e-06
942,"('spfraktion', 'mocht')",4.123229122636638e-06
943,"('standpunkt', 'stell')",4.123229122636638e-06
944,"('steuerhinterzieh', 'ausland')",4.123229122636638e-06
945,"('straf', 'gestellt')",4.123229122636638e-06
946,"('teil', 'einfach')",4.123229122636638e-06
947,"('umsetz', 'anlieg')",4.123229122636638e-06
948,"('unterstutz', 'erhalt')",4.123229122636638e-06
949,"('viel', 'weit')",4.123229122636638e-06
950,"('vorlag', 'bahn')",4.123229122636638e-06
951,"('vorsteherin', 'ejpd')",4.123229122636638e-06
952,"('wahl', 'herrn')",4.123229122636638e-06
953,"('walt', 'donzé')",4.123229122636638e-06
954,"('wenig', 'uberzeug')",4.123229122636638e-06
955,"('wichtig', 'find')",4.123229122636638e-06
956,"('word', 'ganz')",4.123229122636638e-06
957,"('zusatz', 'ferienwoch')",4.123229122636638e-06
958,"('kraft', 'setz')",4.12227310471611e-06
959,"('beschloss', 'word')",4.120439213282566e-06
960,"('entsprech', 'massnahm')",4.1079233289092535e-06
961,"('mocht', 'herrn')",4.097401907230685e-06
962,"('relativ', 'immunitat')",4.097401907230685e-06
963,"('bundesrat', 'beim')",4.093745072591097e-06
964,"('dabei', 'handelt')",4.093745072591097e-06
965,"('mehr', 'frank')",4.093745072591097e-06
966,"('mocht', 'erwahn')",4.093745072591097e-06
967,"('steht', 'namlich')",4.093745072591097e-06
968,"('davon', 'uberzeug')",4.021661308940823e-06
969,"('konkret', 'vorschlag')",4.021661308940823e-06
970,"('wichtig', 'beitrag')",4.021661308940823e-06
971,"('falsch', 'signal')",4.021133393696211e-06
972,"('nationalrat', 'anzuschliess')",4.021133393696211e-06
973,"('betracht', 'gezog')",4.009914104941088e-06
974,"('freiwill', 'beitrag')",4.009914104941088e-06
975,"('ganz', 'diskussion')",4.009914104941088e-06
976,"('gross', 'administrativ')",4.009914104941088e-06
977,"('heut', 'gultig')",4.009914104941088e-06
978,"('imm', 'wichtig')",4.009914104941088e-06
979,"('kolleg', 'lang')",4.009914104941088e-06
980,"('kost', 'milliard')",4.009914104941088e-06
981,"('mittel', 'langerfrist')",4.009914104941088e-06
982,"('nichteintret', 'beschliess')",4.009914104941088e-06
983,"('sicht', 'svp')",4.009914104941088e-06
984,"('stimmt', 'natur')",4.009914104941088e-06
985,"('vollig', 'unterschied')",4.009914104941088e-06
986,"('wirkung', 'erziel')",4.009914104941088e-06
987,"('artikel', 'bundesverfass')",4.009716843692553e-06
988,"('engagement', 'schweiz')",4.004681155003365e-06
989,"('ganz', 'direkt')",4.004681155003365e-06
990,"('ganz', 'syst')",4.004681155003365e-06
991,"('heut', 'bundesrat')",4.004681155003365e-06
992,"('jahr', 'frank')",4.004681155003365e-06
993,"('minderheitsantrag', 'leutenegg')",4.004681155003365e-06
994,"('nein', 'gesagt')",4.004681155003365e-06
995,"('zuerst', 'mocht')",4.004681155003365e-06
996,"('zwei', 'drei')",4.003975437895473e-06
997,"('ja', 'sag')",3.994932487388219e-06
998,"('geht', 'tatsach')",3.984915758089234e-06
999,"('grund', 'mehr')",3.984915758089234e-06
